KerbsideID,weekday,slot_30,total_obs,availability_rate
5691,3,18,1,1.0
5706,3,24,1,1.0
5726,2,19,1,1.0
5734,2,35,1,1.0
5736,5,33,1,0.0
5737,2,32,1,0.0
5738,1,34,1,0.0
5739,1,34,1,0.0
5921,6,36,1,0.0
5922,6,31,1,0.0
5923,6,36,1,0.0
5924,6,36,1,0.0
5925,6,36,1,0.0
5926,6,35,1,0.0
5927,6,37,1,0.0
5928,6,36,1,0.0
5929,6,36,1,0.0
5930,6,32,1,0.0
5931,6,37,1,0.0
5932,6,35,1,0.0
5933,6,37,1,0.0
5934,6,36,1,0.0
5935,6,31,1,0.0
5936,6,33,1,0.0
5937,6,37,1,0.0
5938,6,34,1,0.0
5939,6,34,1,0.0
5940,6,37,1,1.0
5941,6,37,1,0.0
5942,6,37,1,1.0
5943,6,33,1,0.0
5944,6,34,1,1.0
5945,6,37,1,0.0
5946,6,30,1,0.0
5947,6,35,1,0.0
5948,6,34,1,0.0
5949,6,33,1,0.0
5950,6,34,1,0.0
5953,6,36,1,0.0
5959,6,34,1,1.0
5960,3,18,1,1.0
5961,6,34,1,1.0
5962,6,36,1,0.0
5963,6,36,1,1.0
5964,6,33,1,1.0
5965,6,38,1,1.0
6369,3,26,1,1.0
6370,1,19,1,0.0
6390,2,18,1,0.0
6391,3,18,1,0.0
6548,4,21,1,0.0
6754,0,17,1,0.0
6756,0,3,1,1.0
6763,1,46,1,1.0
6933,2,22,1,0.0
6934,2,21,1,0.0
6992,2,37,1,1.0
7180,3,4,1,1.0
7484,6,37,1,0.0
7485,6,37,1,1.0
7486,6,36,1,0.0
7487,6,33,1,0.0
7488,6,35,1,0.0
7489,6,35,1,0.0
7490,6,34,1,0.0
7494,6,36,1,1.0
7495,6,33,1,0.0
7499,6,36,1,0.0
7500,6,33,1,0.0
7501,6,31,1,0.0
7605,3,26,1,0.0
7837,6,36,1,1.0
7838,6,30,1,0.0
7839,6,36,1,0.0
7840,6,36,1,0.0
7841,6,37,1,0.0
7842,6,37,1,1.0
7843,6,35,1,0.0
7844,6,31,1,0.0
7845,6,30,1,0.0
7846,6,31,1,0.0
7847,6,35,1,0.0
7848,6,33,1,0.0
7849,6,35,1,0.0
7850,6,13,1,0.0
7851,5,43,1,0.0
7852,6,32,1,0.0
7853,6,38,1,1.0
7855,6,36,1,1.0
7856,6,35,1,0.0
7857,6,33,1,0.0
7858,6,34,1,0.0
7859,6,36,1,0.0
7860,6,36,1,1.0
7861,6,36,1,1.0
7862,6,36,1,0.0
7863,6,37,1,0.0
7864,6,36,1,1.0
7865,6,35,1,0.0
7866,6,31,1,0.0
7867,6,36,1,1.0
7868,6,30,1,1.0
7869,6,36,1,0.0
7870,6,37,1,0.0
7871,6,38,1,0.0
7872,6,35,1,1.0
7873,6,37,1,1.0
7874,6,31,1,0.0
7875,6,35,1,0.0
7876,6,35,1,1.0
7877,6,37,1,1.0
7878,6,36,1,1.0
7879,6,36,1,1.0
7880,6,36,1,1.0
7881,6,23,1,0.0
7882,6,36,1,1.0
7894,5,27,1,1.0
7895,6,36,1,1.0
7929,6,37,1,1.0
8393,5,21,1,1.0
8394,0,30,1,0.0
8395,0,21,1,1.0
8396,0,15,1,1.0
8397,4,3,1,1.0
8728,3,28,1,1.0
8729,3,26,1,0.0
8730,3,27,1,1.0
8731,3,28,1,0.0
8732,3,28,1,1.0
8733,3,27,1,0.0
8734,3,24,1,0.0
8735,3,27,1,0.0
8736,3,27,1,1.0
8737,3,27,1,1.0
8738,3,27,1,0.0
8739,2,42,1,1.0
8740,2,39,1,1.0
8741,3,26,1,1.0
8742,3,18,1,1.0
8743,3,24,1,1.0
8744,3,27,1,1.0
8745,3,8,1,1.0
8746,5,44,1,1.0
8747,2,35,1,1.0
8748,6,1,1,1.0
8749,3,20,1,1.0
8750,3,28,1,0.0
8751,6,1,1,1.0
8752,3,26,1,0.0
8753,3,27,1,1.0
8754,3,27,1,0.0
8888,4,17,1,0.0
8889,4,20,1,0.0
8890,4,19,1,0.0
8891,4,21,1,0.0
8892,4,24,1,1.0
8893,4,20,1,0.0
8900,4,19,1,0.0
8901,4,17,1,0.0
9337,6,28,1,1.0
9338,2,21,1,0.0
9340,5,28,1,1.0
9341,2,21,1,1.0
9342,2,21,1,0.0
9343,2,21,1,0.0
9344,6,36,1,1.0
9345,6,42,1,1.0
9346,2,20,1,0.0
9347,2,27,1,0.0
9350,6,32,1,0.0
9351,6,47,1,0.0
9354,2,21,1,1.0
9355,2,28,1,1.0
9356,4,42,1,1.0
9357,2,15,1,1.0
9358,2,21,1,1.0
9366,1,35,1,1.0
9367,3,27,1,1.0
9371,2,29,1,1.0
9372,6,26,1,1.0
9373,2,38,1,1.0
9375,6,35,1,1.0
9376,2,28,1,1.0
9377,2,28,1,1.0
9378,2,24,1,1.0
9379,5,45,1,1.0
9380,6,42,1,1.0
9382,1,14,1,1.0
9383,3,13,1,1.0
9384,2,28,1,1.0
9385,0,40,1,1.0
9386,3,15,1,1.0
9405,6,35,1,0.0
9418,6,28,1,0.0
9421,6,32,1,0.0
9422,6,19,1,0.0
9423,6,32,1,0.0
9424,6,37,1,0.0
9425,6,32,1,1.0
9426,6,35,1,0.0
9428,6,36,1,1.0
9429,6,37,1,0.0
9430,6,35,1,0.0
9431,6,32,1,0.0
9432,6,36,1,0.0
9433,6,30,1,0.0
9435,4,23,1,0.0
9436,6,38,1,0.0
9437,6,32,1,1.0
9438,6,35,1,0.0
9439,6,35,1,0.0
9440,6,15,1,0.0
9441,5,35,1,0.0
9442,6,37,1,1.0
9443,4,41,1,0.0
9444,6,36,1,0.0
9445,6,37,1,0.0
9448,1,36,1,0.0
9449,5,39,1,0.0
9450,6,36,1,0.0
9451,6,36,1,0.0
9454,6,37,1,0.0
9455,6,37,1,1.0
9456,6,29,1,0.0
9463,6,36,1,0.0
9464,6,36,1,0.0
9465,6,37,1,0.0
9466,6,32,1,0.0
9467,6,37,1,0.0
9468,6,36,1,1.0
9469,6,29,1,0.0
9470,6,31,1,0.0
9471,6,22,1,0.0
9574,6,31,1,1.0
9575,6,38,1,1.0
9576,6,34,1,1.0
9577,6,36,1,0.0
9578,6,37,1,0.0
9581,5,29,1,1.0
9582,6,36,1,0.0
9583,6,37,1,0.0
9584,6,34,1,0.0
9585,6,37,1,0.0
9586,6,36,1,0.0
9587,6,29,1,1.0
9588,6,36,1,0.0
9589,6,37,1,0.0
9590,6,34,1,0.0
9598,6,22,1,0.0
9599,6,37,1,1.0
9600,6,17,1,0.0
9602,6,38,1,0.0
9603,6,36,1,0.0
9605,6,38,1,0.0
9606,6,34,1,0.0
9607,6,33,1,0.0
9608,6,10,1,1.0
9609,1,18,1,0.0
9610,6,36,1,0.0
9611,6,35,1,1.0
9612,6,36,1,0.0
9613,6,34,1,0.0
9614,6,38,1,0.0
9615,6,37,1,0.0
9617,6,34,1,0.0
9619,6,38,1,1.0
9620,6,35,1,0.0
9621,6,36,1,0.0
9622,6,38,1,0.0
9623,6,35,1,1.0
9624,6,30,1,0.0
9625,6,37,1,1.0
9626,6,23,1,0.0
9627,6,31,1,1.0
9628,6,33,1,0.0
9631,3,34,1,1.0
9632,3,37,1,1.0
9633,3,32,1,1.0
9634,3,32,1,1.0
9636,3,35,1,1.0
9637,3,34,1,1.0
9638,3,32,1,1.0
9639,3,33,1,1.0
9640,3,32,1,1.0
9641,4,36,1,1.0
9642,3,33,1,1.0
9643,3,32,1,1.0
9644,3,35,1,1.0
9645,3,32,1,1.0
9646,3,34,1,1.0
9647,3,32,1,1.0
9648,3,32,1,1.0
9727,1,24,1,0.0
9728,1,29,1,0.0
9729,1,27,1,1.0
9730,1,19,1,0.0
9731,1,20,1,1.0
9732,1,24,1,0.0
9733,1,24,1,1.0
9734,1,19,1,0.0
9735,1,24,1,0.0
9736,1,19,1,0.0
9737,1,20,1,0.0
10279,1,15,1,1.0
10280,0,33,1,0.0
10282,1,26,1,0.0
10283,3,31,1,0.0
10285,1,25,1,0.0
10286,1,25,1,1.0
10287,1,26,1,1.0
10288,0,42,1,0.0
10289,1,24,1,0.0
10290,6,20,1,1.0
10292,1,26,1,1.0
10293,4,46,1,0.0
10294,1,15,1,1.0
10295,1,21,1,1.0
10296,1,22,1,0.0
10317,1,45,1,1.0
10318,6,29,1,0.0
10319,6,31,1,0.0
10321,1,24,1,0.0
10322,3,32,1,0.0
10323,3,30,1,0.0
10324,3,19,1,0.0
10325,3,30,1,0.0
10667,6,27,1,1.0
10668,4,12,1,1.0
10669,4,15,1,1.0
10670,3,46,1,1.0
10672,4,28,1,0.0
10678,0,26,1,1.0
10706,0,26,1,0.0
10707,0,26,1,1.0
10708,0,30,1,1.0
10709,0,30,1,0.0
10711,6,36,1,0.0
10712,4,42,1,0.0
10713,5,16,1,0.0
10714,6,27,1,0.0
10716,6,35,1,0.0
10717,6,37,1,1.0
10718,5,24,1,0.0
10719,6,36,1,0.0
10720,6,33,1,0.0
10721,6,37,1,0.0
10722,6,28,1,0.0
10723,6,35,1,1.0
10724,6,34,1,0.0
10725,5,1,1,0.0
10726,1,30,1,0.0
10727,4,37,1,0.0
10728,6,37,1,1.0
10729,3,36,1,0.0
10730,6,38,1,0.0
10731,6,36,1,0.0
10732,6,27,1,0.0
10742,6,37,1,0.0
10743,6,33,1,0.0
10744,4,1,1,0.0
10745,6,35,1,1.0
10746,5,22,1,0.0
10801,4,22,1,0.0
10802,0,26,1,0.0
10803,6,20,1,0.0
10804,4,26,1,1.0
10805,3,42,1,1.0
10823,3,39,1,0.0
10824,4,20,1,0.0
10825,4,18,1,0.0
10826,4,23,1,0.0
10827,4,21,1,0.0
10828,0,27,1,1.0
10829,0,30,1,1.0
10830,4,19,1,0.0
10831,4,29,1,1.0
10832,4,18,1,0.0
10839,4,3,1,1.0
10840,1,27,1,1.0
10841,2,1,1,1.0
10842,4,2,1,1.0
10843,3,42,1,1.0
10844,6,24,1,0.0
10845,4,23,1,0.0
10846,6,25,1,0.0
10847,3,38,1,1.0
10848,3,45,1,1.0
10849,0,28,1,1.0
10850,3,44,1,1.0
10851,4,1,1,1.0
10852,6,25,1,0.0
10853,4,15,1,1.0
10854,4,29,1,1.0
10855,6,24,1,0.0
10856,6,23,1,0.0
10857,6,24,1,0.0
10858,6,18,1,0.0
10859,4,19,1,0.0
10860,6,25,1,0.0
10861,4,30,1,0.0
10862,6,26,1,0.0
10863,6,26,1,0.0
10864,0,28,1,1.0
10865,3,38,1,0.0
10875,6,26,1,0.0
10877,2,40,1,0.0
10878,4,18,1,1.0
10879,6,35,1,1.0
10880,6,30,1,1.0
10881,6,37,1,1.0
10882,6,21,1,0.0
10883,6,36,1,0.0
10884,6,27,1,1.0
10885,6,29,1,0.0
10886,6,28,1,1.0
10887,6,33,1,1.0
10888,6,29,1,1.0
10889,6,35,1,0.0
10890,6,34,1,0.0
10891,6,35,1,1.0
10892,6,35,1,0.0
10893,0,20,1,1.0
10894,6,23,1,0.0
10895,6,30,1,1.0
10896,6,22,1,0.0
10897,6,36,1,1.0
10898,6,27,1,1.0
10899,6,34,1,1.0
10900,6,24,1,0.0
10901,6,31,1,1.0
10902,6,30,1,0.0
10903,5,36,1,0.0
10904,5,45,1,1.0
10905,6,37,1,1.0
10906,6,38,1,1.0
10907,6,29,1,1.0
10925,6,36,1,0.0
10969,6,36,1,1.0
10970,6,36,1,1.0
10971,6,36,1,1.0
10972,6,34,1,1.0
10973,6,35,1,1.0
10974,6,36,1,0.0
10975,6,35,1,0.0
11111,3,17,1,0.0
11112,3,17,1,1.0
11113,3,13,1,1.0
11114,3,13,1,1.0
11115,2,22,1,0.0
11116,2,22,1,1.0
11117,0,21,1,0.0
11118,3,0,1,1.0
11119,3,16,1,1.0
11120,3,18,1,1.0
11121,2,21,1,1.0
11122,3,15,1,1.0
11123,2,24,1,1.0
11124,4,19,1,0.0
11125,6,33,1,1.0
11126,0,35,1,1.0
11127,6,5,1,1.0
11137,2,12,1,1.0
11138,2,18,1,1.0
11139,1,43,1,1.0
11143,2,19,1,1.0
11144,2,19,1,1.0
11176,6,30,1,1.0
11177,6,32,1,1.0
11178,6,30,1,1.0
11179,6,37,1,1.0
11180,6,35,1,0.0
11184,1,25,1,1.0
11237,3,36,1,1.0
11238,3,34,1,1.0
11239,3,35,1,0.0
11240,4,17,1,1.0
11241,4,17,1,1.0
11242,4,18,1,1.0
11243,4,12,1,1.0
11244,3,31,1,1.0
11245,3,27,1,1.0
11246,1,44,1,1.0
11247,1,42,1,1.0
11248,2,18,1,0.0
11249,2,44,1,1.0
11250,2,10,1,1.0
11251,1,41,1,1.0
11253,1,41,1,1.0
11254,1,27,1,1.0
11255,3,37,1,0.0
11257,4,14,1,0.0
11258,2,41,1,1.0
11259,3,42,1,0.0
11261,3,38,1,0.0
11263,4,17,1,1.0
11264,0,38,1,0.0
11265,3,37,1,1.0
11266,4,17,1,0.0
11267,1,30,1,1.0
11268,2,28,1,0.0
11269,3,40,1,1.0
11358,0,31,1,0.0
11359,4,15,1,1.0
11360,4,19,1,0.0
11361,4,13,1,1.0
11362,4,16,1,1.0
11363,0,26,1,0.0
11364,3,35,1,0.0
11365,0,28,1,0.0
11366,4,18,1,1.0
11367,0,26,1,1.0
11368,0,25,1,0.0
11369,4,14,1,1.0
11396,6,26,1,1.0
11397,5,23,1,1.0
11398,6,26,1,1.0
11399,0,26,1,0.0
11400,4,25,1,0.0
11401,6,26,1,0.0
11402,4,18,1,0.0
11420,0,18,1,0.0
11421,0,21,1,1.0
11422,0,22,1,1.0
11423,0,17,1,0.0
11477,6,31,1,0.0
11478,6,37,1,0.0
11479,6,37,1,0.0
11480,6,15,1,0.0
11481,6,36,1,1.0
11482,6,33,1,0.0
11483,6,34,1,0.0
11484,6,37,1,0.0
11485,6,35,1,0.0
11486,6,37,1,0.0
11487,6,35,1,0.0
11488,6,35,1,0.0
11489,6,35,1,0.0
11490,6,33,1,1.0
11491,6,21,1,0.0
11492,6,35,1,0.0
11791,6,30,1,0.0
11792,6,37,1,1.0
11793,6,15,1,0.0
11794,1,44,1,0.0
11795,1,18,1,1.0
11877,6,37,1,1.0
11878,6,30,1,0.0
11879,6,30,1,0.0
11927,6,31,1,1.0
11928,6,32,1,1.0
11929,6,35,1,1.0
11930,4,36,1,0.0
11931,6,45,1,0.0
11932,6,19,1,0.0
11933,6,25,1,1.0
11934,6,37,1,0.0
11935,6,32,1,0.0
11936,4,25,1,1.0
11943,6,37,1,1.0
11944,6,37,1,1.0
11945,6,32,1,1.0
11946,5,37,1,0.0
11947,4,20,1,0.0
12027,6,34,1,0.0
12028,6,37,1,0.0
12029,6,35,1,1.0
12030,6,30,1,0.0
12031,6,23,1,0.0
12076,4,47,1,1.0
12077,6,36,1,0.0
12079,6,31,1,0.0
12080,6,28,1,0.0
12081,6,33,1,0.0
12082,6,37,1,0.0
12083,6,35,1,0.0
12089,6,32,1,0.0
12090,6,36,1,0.0
12091,6,29,1,0.0
12092,6,29,1,0.0
12093,1,16,1,1.0
12094,6,37,1,0.0
12095,6,36,1,0.0
12112,6,36,1,1.0
12113,6,13,1,0.0
12114,6,37,1,1.0
12115,6,13,1,0.0
12116,6,14,1,0.0
12117,6,37,1,0.0
12118,6,29,1,0.0
12119,6,22,1,0.0
12120,6,22,1,0.0
12121,6,23,1,0.0
12122,6,35,1,0.0
12123,6,29,1,0.0
12124,6,27,1,0.0
12125,6,24,1,0.0
12126,5,35,1,0.0
12127,6,33,1,0.0
12283,5,43,1,0.0
12284,6,34,1,1.0
12285,6,18,1,0.0
12286,6,38,1,1.0
12287,6,28,1,0.0
12288,6,37,1,0.0
12289,6,35,1,0.0
12292,6,25,1,0.0
12293,6,37,1,0.0
12295,6,26,1,0.0
12297,6,34,1,0.0
12298,6,37,1,0.0
13021,6,33,1,0.0
13022,6,37,1,1.0
13122,3,25,1,1.0
13126,4,19,1,1.0
13127,4,19,1,0.0
13130,4,8,1,0.0
13131,3,46,1,1.0
13132,4,19,1,0.0
13133,1,21,1,0.0
13134,2,18,1,1.0
13135,4,17,1,0.0
13136,3,45,1,1.0
13137,4,11,1,1.0
13138,4,17,1,1.0
13139,2,28,1,1.0
13140,0,8,1,1.0
13149,6,37,1,0.0
13388,6,37,1,0.0
13389,6,34,1,1.0
13390,6,36,1,1.0
13391,6,32,1,0.0
13392,6,36,1,0.0
13393,6,36,1,0.0
13394,6,34,1,1.0
13395,6,27,1,0.0
13396,6,30,1,1.0
13397,6,32,1,0.0
13398,6,31,1,0.0
13399,6,33,1,0.0
13400,6,33,1,0.0
13401,5,33,1,0.0
13402,5,35,1,0.0
13403,6,29,1,0.0
13404,6,34,1,0.0
13405,6,32,1,0.0
13406,6,33,1,0.0
13407,6,34,1,0.0
13408,6,23,1,0.0
13409,6,36,1,0.0
13410,6,35,1,0.0
13419,6,32,1,0.0
13420,6,33,1,0.0
13421,1,28,1,1.0
13422,6,36,1,0.0
13423,6,31,1,0.0
13424,6,34,1,0.0
13427,6,32,1,0.0
13428,6,33,1,1.0
13429,6,34,1,0.0
13430,6,30,1,1.0
13431,6,30,1,0.0
13435,6,31,1,0.0
13436,6,25,1,0.0
13437,6,34,1,0.0
13438,6,33,1,0.0
13439,6,21,1,0.0
13442,6,37,1,1.0
13443,6,36,1,0.0
13444,6,36,1,0.0
13445,6,33,1,0.0
13448,6,28,1,0.0
13449,6,33,1,0.0
13450,6,33,1,1.0
13451,6,34,1,0.0
13452,6,28,1,1.0
13453,2,34,1,1.0
13454,6,37,1,1.0
13455,6,37,1,0.0
13456,6,36,1,0.0
13457,0,31,1,1.0
13458,6,24,1,0.0
13459,6,23,1,0.0
13462,6,27,1,1.0
13463,6,36,1,0.0
13464,5,45,1,1.0
13465,6,28,1,0.0
13466,6,21,1,1.0
13467,5,23,1,1.0
13468,6,36,1,1.0
13469,6,5,1,1.0
13470,6,29,1,1.0
13471,4,28,1,1.0
13472,6,34,1,1.0
13473,0,34,1,1.0
13474,6,29,1,1.0
13475,6,35,1,1.0
13476,6,29,1,1.0
14761,4,32,1,1.0
14792,6,35,1,0.0
14793,6,33,1,0.0
14794,6,35,1,0.0
14795,6,37,1,0.0
14796,6,31,1,0.0
14857,6,34,1,1.0
14858,3,40,1,1.0
14909,2,22,1,1.0
14990,6,36,1,0.0
14991,6,35,1,0.0
14992,6,37,1,0.0
14993,6,35,1,0.0
14994,6,36,1,0.0
14995,6,35,1,0.0
14996,6,30,1,0.0
14997,6,35,1,0.0
14998,6,31,1,0.0
14999,6,32,1,0.0
15000,6,35,1,0.0
15001,6,37,1,0.0
15003,6,37,1,0.0
15006,6,32,1,0.0
15008,6,35,1,0.0
15009,6,37,1,0.0
15020,6,36,1,0.0
15021,6,33,1,0.0
15022,6,17,1,0.0
15023,5,33,1,0.0
15024,6,23,1,0.0
15025,0,30,1,1.0
15026,4,41,1,0.0
15027,1,45,1,0.0
15028,0,30,1,0.0
15030,4,35,1,0.0
15090,6,36,1,1.0
15091,6,36,1,1.0
15092,6,29,1,0.0
15093,6,29,1,1.0
15094,6,35,1,0.0
15095,6,30,1,1.0
15096,6,37,1,0.0
15097,6,33,1,0.0
15099,5,43,1,0.0
15100,6,18,1,1.0
15101,5,40,1,1.0
15102,6,24,1,1.0
15103,6,19,1,1.0
15297,2,31,1,0.0
15324,6,35,1,0.0
15326,6,30,1,0.0
15327,2,30,1,0.0
15328,2,20,1,1.0
15329,2,26,1,0.0
15334,2,25,1,0.0
15335,2,25,1,0.0
15336,2,32,1,0.0
15337,2,32,1,1.0
16174,6,36,1,0.0
16284,5,43,1,1.0
16285,6,36,1,0.0
16286,6,36,1,0.0
16287,6,35,1,1.0
16289,6,36,1,1.0
16403,6,36,1,1.0
16404,6,36,1,1.0
16406,6,37,1,1.0
16407,6,35,1,1.0
16408,6,38,1,1.0
16409,6,34,1,0.0
16410,6,36,1,1.0
16411,6,38,1,1.0
16412,6,34,1,0.0
16413,6,31,1,0.0
16414,6,37,1,1.0
16415,6,33,1,0.0
16416,5,33,1,0.0
16417,6,35,1,1.0
16418,6,35,1,0.0
16419,6,37,1,1.0
16420,6,36,1,1.0
16421,6,35,1,1.0
16423,6,36,1,1.0
16425,6,13,1,0.0
16426,6,33,1,1.0
16427,6,38,1,0.0
16428,6,37,1,1.0
16429,6,38,1,0.0
16430,6,37,1,1.0
16433,6,33,1,1.0
16434,6,35,1,1.0
16435,6,34,1,1.0
16436,6,36,1,1.0
16696,1,17,1,1.0
16743,2,37,1,0.0
16744,2,37,1,0.0
16745,2,37,1,0.0
16746,2,34,1,0.0
16747,2,35,1,0.0
16748,2,39,1,0.0
16749,2,37,1,0.0
16751,2,38,1,0.0
16752,2,38,1,0.0
16778,0,20,1,1.0
16779,0,21,1,0.0
16781,0,15,1,0.0
16788,6,35,1,0.0
16789,6,31,1,0.0
17202,4,17,1,1.0
17205,2,21,1,1.0
17206,6,36,1,1.0
17212,3,35,1,1.0
17242,6,23,1,0.0
17243,6,20,1,0.0
17244,6,37,1,1.0
17280,0,38,1,0.0
17281,6,35,1,0.0
17282,6,32,1,0.0
17283,6,36,1,1.0
17285,6,36,1,1.0
17290,2,20,1,0.0
17295,6,33,1,0.0
17321,6,32,1,1.0
17322,6,37,1,0.0
17323,6,37,1,0.0
17325,6,37,1,0.0
17330,6,34,1,0.0
17332,6,35,1,0.0
17333,6,35,1,0.0
17334,6,37,1,0.0
17338,6,37,1,0.0
17339,6,35,1,0.0
17342,2,32,1,1.0
17376,6,37,1,0.0
17377,6,36,1,1.0
17378,6,38,1,1.0
17379,6,36,1,0.0
17380,3,35,1,0.0
17381,6,36,1,1.0
17382,6,37,1,1.0
17429,6,35,1,0.0
17430,6,32,1,0.0
17431,6,33,1,0.0
17432,6,37,1,0.0
17433,6,35,1,0.0
17434,6,32,1,0.0
17435,6,32,1,0.0
17436,6,34,1,0.0
17437,6,13,1,0.0
17438,6,31,1,0.0
17439,6,36,1,0.0
17440,6,32,1,0.0
17441,6,37,1,0.0
17442,6,21,1,0.0
17443,6,31,1,0.0
17446,6,30,1,0.0
17447,6,26,1,0.0
17448,6,35,1,0.0
17449,6,35,1,0.0
17450,6,37,1,1.0
17452,6,30,1,0.0
17453,6,34,1,0.0
17454,6,35,1,0.0
17455,6,35,1,0.0
17456,6,33,1,0.0
17457,6,38,1,1.0
17458,6,33,1,0.0
17459,1,28,1,1.0
17460,6,33,1,0.0
17461,6,37,1,1.0
17462,6,35,1,0.0
17463,6,33,1,0.0
17464,6,36,1,0.0
17465,6,35,1,0.0
17466,6,35,1,0.0
17470,6,36,1,0.0
17471,6,34,1,1.0
17472,6,35,1,0.0
17473,6,34,1,1.0
17474,6,34,1,0.0
17475,6,35,1,0.0
17476,6,27,1,0.0
17481,3,39,1,1.0
17482,6,24,1,1.0
17483,0,15,1,1.0
17487,6,37,1,0.0
17488,6,31,1,0.0
17489,6,31,1,1.0
17490,6,33,1,1.0
17491,6,32,1,1.0
17492,5,46,1,1.0
17493,6,32,1,1.0
17494,5,47,1,0.0
17497,6,33,1,0.0
17498,6,31,1,1.0
17499,1,21,1,0.0
17500,6,30,1,1.0
17502,6,34,1,0.0
17503,6,25,1,0.0
17504,6,34,1,0.0
17505,6,33,1,0.0
17506,6,33,1,0.0
17507,6,34,1,0.0
17508,6,35,1,0.0
17509,6,32,1,0.0
17510,6,29,1,0.0
17511,6,34,1,0.0
17512,1,29,1,1.0
17513,6,35,1,0.0
17514,6,35,1,0.0
17515,6,35,1,0.0
17516,6,35,1,0.0
17517,6,35,1,0.0
17518,6,33,1,1.0
17546,6,29,1,1.0
17547,6,39,1,1.0
17548,6,37,1,1.0
17549,6,32,1,1.0
17550,6,36,1,1.0
17551,6,46,1,1.0
17552,5,46,1,0.0
17553,6,25,1,1.0
17554,5,27,1,1.0
17555,6,46,1,0.0
17556,6,25,1,0.0
17557,5,30,1,0.0
17558,6,33,1,1.0
17559,6,37,1,0.0
17560,6,33,1,1.0
17561,6,44,1,1.0
17562,6,27,1,0.0
17563,6,5,1,0.0
17564,6,25,1,1.0
17565,5,31,1,0.0
17566,6,40,1,1.0
17567,2,19,1,0.0
17568,6,33,1,1.0
17569,6,18,1,0.0
17570,6,40,1,1.0
17693,3,3,1,1.0
17694,6,36,1,0.0
17695,2,11,1,0.0
17696,2,26,1,1.0
17697,2,11,1,0.0
17698,2,20,1,0.0
17706,6,31,1,0.0
17708,6,35,1,0.0
17709,6,35,1,0.0
17710,6,26,1,0.0
17711,6,34,1,0.0
17712,5,39,1,1.0
17713,6,29,1,0.0
17714,6,20,1,1.0
17716,6,33,1,1.0
17717,6,33,1,0.0
17718,6,32,1,0.0
17719,6,32,1,0.0
17720,6,18,1,1.0
17824,6,35,1,1.0
17825,6,36,1,1.0
17827,6,36,1,1.0
17828,6,38,1,0.0
17829,6,41,1,0.0
17830,6,34,1,1.0
17831,6,36,1,1.0
17832,6,33,1,1.0
17833,6,34,1,1.0
17834,6,36,1,1.0
17835,6,32,1,1.0
17836,6,41,1,1.0
17837,6,34,1,1.0
17838,6,32,1,1.0
17839,6,36,1,1.0
17840,6,36,1,1.0
17841,5,38,1,0.0
17842,6,36,1,1.0
17843,6,36,1,1.0
17844,6,37,1,1.0
17846,6,34,1,1.0
17919,6,36,1,1.0
17920,6,36,1,1.0
17921,6,38,1,1.0
17922,6,46,1,1.0
17923,6,47,1,1.0
17924,6,45,1,0.0
17925,6,36,1,1.0
17926,6,32,1,1.0
17927,4,33,1,0.0
17928,5,31,1,1.0
17929,6,36,1,1.0
17930,6,29,1,0.0
17931,6,36,1,1.0
17932,6,28,1,1.0
17933,6,36,1,1.0
17934,6,36,1,1.0
17935,6,34,1,1.0
17936,6,36,1,1.0
17937,6,30,1,1.0
17938,6,30,1,1.0
17939,6,37,1,1.0
17940,6,30,1,1.0
17941,6,37,1,1.0
17942,6,44,1,1.0
17949,1,21,1,0.0
17950,1,23,1,0.0
17951,1,23,1,0.0
17952,1,22,1,0.0
17953,1,22,1,0.0
17954,1,21,1,0.0
17955,1,20,1,0.0
17956,1,23,1,0.0
17957,1,23,1,0.0
17958,1,15,1,0.0
17959,5,0,1,1.0
17960,0,36,1,1.0
17961,6,35,1,0.0
17962,6,38,1,0.0
17963,6,36,1,0.0
17964,6,24,1,0.0
18040,4,9,1,1.0
18065,6,35,1,0.0
18066,6,37,1,0.0
18074,2,29,1,0.0
18075,2,13,1,0.0
18076,2,35,1,1.0
18077,2,28,1,0.0
18078,2,13,1,0.0
18110,6,33,1,0.0
18111,6,33,1,1.0
18112,6,32,1,1.0
18113,6,34,1,1.0
18142,1,27,1,0.0
18143,6,33,1,1.0
18144,6,36,1,1.0
18146,6,36,1,1.0
18147,6,38,1,1.0
18148,6,35,1,1.0
18149,6,38,1,1.0
18150,6,32,1,1.0
18154,6,36,1,1.0
18165,2,29,1,1.0
18166,2,14,1,0.0
18167,2,13,1,0.0
18168,2,27,1,0.0
18169,2,13,1,0.0
18170,2,23,1,0.0
18204,6,36,1,1.0
18205,6,35,1,0.0
18215,2,29,1,0.0
18216,2,30,1,0.0
18217,2,27,1,0.0
18218,6,44,1,0.0
18219,6,44,1,1.0
18220,6,41,1,1.0
18524,4,42,1,0.0
18525,0,23,1,1.0
18526,0,30,1,1.0
18527,4,38,1,0.0
18530,1,44,1,1.0
18531,1,45,1,1.0
18532,1,42,1,1.0
18533,1,36,1,0.0
18534,1,45,1,1.0
18540,5,18,1,1.0
18541,2,32,1,1.0
18542,2,31,1,1.0
18543,2,27,1,0.0
18554,1,44,1,1.0
18555,1,45,1,1.0
18556,1,45,1,1.0
18557,1,46,1,1.0
18558,1,44,1,1.0
18559,1,40,1,0.0
18562,1,41,1,1.0
18563,1,17,1,0.0
18564,1,46,1,1.0
18565,1,44,1,1.0
18566,1,44,1,1.0
18567,1,46,1,1.0
18568,1,36,1,0.0
18569,1,46,1,1.0
18570,1,46,1,1.0
18571,1,43,1,0.0
18572,2,31,1,1.0
18573,2,29,1,0.0
18574,2,29,1,1.0
18575,2,32,1,1.0
18576,1,45,1,1.0
18577,2,32,1,0.0
18578,2,32,1,1.0
18587,2,32,1,0.0
18588,2,30,1,0.0
18589,2,24,1,0.0
18590,2,29,1,0.0
18591,2,30,1,0.0
18592,2,28,1,0.0
18593,2,23,1,0.0
18605,1,44,1,1.0
18606,1,39,1,0.0
18609,1,34,1,1.0
18610,0,35,1,0.0
18611,1,42,1,1.0
18612,0,39,1,1.0
18614,5,44,1,1.0
18615,6,28,1,1.0
18616,6,34,1,1.0
18621,6,34,1,0.0
18622,6,35,1,0.0
18623,0,5,1,0.0
18626,6,36,1,1.0
18628,6,23,1,0.0
18630,6,32,1,0.0
18631,6,36,1,1.0
18632,6,37,1,1.0
18633,6,30,1,0.0
18634,6,36,1,1.0
18635,6,31,1,0.0
18636,6,36,1,0.0
18637,6,36,1,1.0
18642,1,42,1,1.0
18643,1,22,1,0.0
18690,2,29,1,1.0
18825,6,32,1,0.0
18826,6,31,1,0.0
20570,1,45,1,1.0
20571,1,46,1,1.0
20572,1,36,1,0.0
20573,1,43,1,1.0
20574,1,35,1,0.0
20575,1,35,1,0.0
20576,1,44,1,1.0
20577,1,35,1,0.0
20578,1,34,1,0.0
20579,1,39,1,0.0
20580,1,45,1,1.0
20581,1,35,1,0.0
20582,1,45,1,0.0
20583,1,42,1,0.0
20584,1,45,1,1.0
20585,2,31,1,1.0
20586,6,27,1,1.0
20587,2,19,1,1.0
20588,4,45,1,1.0
20589,5,34,1,1.0
20590,4,38,1,1.0
20591,2,22,1,0.0
20592,2,0,1,1.0
20593,2,27,1,0.0
20594,0,22,1,1.0
20595,1,41,1,1.0
20596,2,16,1,0.0
20597,2,19,1,0.0
20599,2,30,1,1.0
20600,5,39,1,1.0
20601,2,27,1,1.0
20602,6,35,1,1.0
20603,6,22,1,1.0
20604,6,33,1,1.0
20605,6,35,1,0.0
20606,5,45,1,0.0
20607,5,44,1,1.0
20608,6,22,1,1.0
20609,5,44,1,1.0
20610,5,30,1,1.0
20611,6,34,1,1.0
20612,2,18,1,1.0
20613,6,27,1,0.0
20614,6,35,1,1.0
20615,6,20,1,0.0
20616,6,25,1,0.0
20617,6,27,1,0.0
20618,5,16,1,0.0
20619,6,33,1,1.0
20620,6,32,1,1.0
20621,6,31,1,1.0
20622,6,32,1,1.0
20623,5,44,1,1.0
20624,6,28,1,1.0
20625,6,29,1,1.0
20626,5,27,1,1.0
20631,6,43,1,1.0
20632,6,39,1,1.0
20633,6,32,1,0.0
20634,6,37,1,0.0
20635,6,38,1,1.0
20636,6,39,1,1.0
20637,6,36,1,1.0
20638,6,34,1,0.0
20639,3,19,1,0.0
20640,6,27,1,1.0
20641,5,35,1,0.0
20748,1,18,1,1.0
20749,1,18,1,1.0
20871,1,20,1,0.0
20872,0,21,1,1.0
20873,1,23,1,1.0
20894,2,32,1,0.0
20895,2,25,1,0.0
20896,2,6,1,1.0
20897,2,22,1,0.0
20898,2,25,1,0.0
20899,2,25,1,0.0
20900,3,37,1,1.0
20901,6,37,1,0.0
20902,6,37,1,0.0
20903,6,36,1,0.0
20904,0,30,1,1.0
20905,0,46,1,1.0
20906,1,18,1,1.0
20907,1,20,1,0.0
20908,6,29,1,1.0
20909,6,33,1,1.0
20910,6,32,1,1.0
20911,6,35,1,0.0
20912,6,22,1,1.0
20913,6,37,1,1.0
20914,6,28,1,1.0
20915,6,17,1,1.0
20916,5,45,1,1.0
20917,6,37,1,1.0
20918,6,30,1,1.0
20919,6,27,1,1.0
20920,6,33,1,0.0
20921,5,44,1,1.0
20922,6,33,1,0.0
20923,6,32,1,1.0
20924,5,31,1,0.0
20925,6,27,1,1.0
20926,2,12,1,1.0
20932,4,22,1,1.0
21150,2,16,1,1.0
21371,2,29,1,1.0
21481,1,42,1,0.0
21482,1,45,1,1.0
21483,1,46,1,1.0
21484,2,2,1,1.0
21485,3,29,1,1.0
21486,6,36,1,1.0
21487,2,20,1,1.0
21488,2,25,1,0.0
21489,2,31,1,0.0
21490,2,22,1,1.0
21491,6,31,1,0.0
21492,6,38,1,0.0
21493,6,31,1,0.0
21504,1,13,1,1.0
21510,6,33,1,0.0
21511,6,29,1,1.0
21512,6,20,1,1.0
21513,6,23,1,1.0
21514,6,36,1,1.0
21515,6,25,1,1.0
21516,6,27,1,1.0
21517,6,33,1,1.0
21518,6,24,1,1.0
21519,6,27,1,1.0
21520,6,34,1,1.0
21521,6,27,1,0.0
21522,6,22,1,1.0
21523,4,32,1,0.0
21524,6,34,1,0.0
21525,5,23,1,0.0
21526,6,22,1,1.0
21527,6,32,1,1.0
21528,5,37,1,0.0
21529,6,36,1,1.0
21530,6,38,1,1.0
21531,6,32,1,1.0
21532,6,38,1,0.0
21533,6,38,1,0.0
21534,6,34,1,1.0
21535,6,38,1,0.0
21536,6,38,1,0.0
21537,6,37,1,0.0
21538,6,37,1,0.0
21539,6,36,1,0.0
21540,6,34,1,0.0
21541,6,37,1,0.0
21542,6,38,1,0.0
21543,6,34,1,0.0
21544,6,37,1,0.0
21545,6,36,1,0.0
21546,6,36,1,0.0
21679,6,34,1,1.0
21680,6,36,1,1.0
21681,6,13,1,0.0
21682,6,25,1,0.0
21684,6,34,1,1.0
21685,6,33,1,1.0
21686,6,34,1,1.0
21687,6,30,1,1.0
21688,6,13,1,0.0
21689,6,30,1,1.0
21690,6,36,1,1.0
21741,3,20,1,0.0
21742,2,39,1,1.0
21743,6,24,1,0.0
21744,6,36,1,0.0
21745,6,20,1,0.0
21746,6,32,1,0.0
21747,6,36,1,0.0
21748,6,36,1,0.0
21749,6,34,1,1.0
21750,6,37,1,1.0
21751,6,36,1,1.0
21752,5,44,1,0.0
21753,6,22,1,0.0
21754,6,35,1,0.0
21755,6,35,1,0.0
21756,6,34,1,1.0
21757,6,36,1,1.0
21758,6,32,1,1.0
21759,6,30,1,0.0
21963,5,23,1,0.0
21964,6,36,1,1.0
21965,6,26,1,0.0
21966,6,29,1,0.0
21967,6,33,1,0.0
21968,6,40,1,0.0
22020,6,37,1,0.0
22021,6,25,1,0.0
22022,6,38,1,1.0
22023,6,29,1,0.0
22313,4,25,1,1.0
22314,4,23,1,1.0
22315,4,27,1,0.0
22316,4,20,1,0.0
22317,4,27,1,0.0
22318,3,44,1,1.0
22319,4,23,1,0.0
22320,4,26,1,0.0
22321,3,20,1,0.0
22322,3,15,1,1.0
22324,3,9,1,1.0
22325,4,16,1,0.0
22326,4,25,1,0.0
22327,4,25,1,1.0
22328,4,26,1,1.0
22329,4,27,1,0.0
22330,4,27,1,0.0
22331,4,26,1,1.0
22344,3,17,1,1.0
22345,3,18,1,0.0
22346,1,39,1,1.0
22351,1,40,1,1.0
22415,6,32,1,0.0
22416,6,33,1,0.0
22417,6,37,1,0.0
22418,6,37,1,0.0
22419,6,36,1,0.0
22428,6,31,1,0.0
22429,6,36,1,0.0
22430,6,20,1,0.0
22431,6,28,1,0.0
22432,6,36,1,0.0
22435,6,37,1,0.0
22772,4,28,1,1.0
22773,4,28,1,1.0
22774,4,25,1,1.0
22775,4,28,1,1.0
22776,4,27,1,1.0
22828,3,21,1,0.0
22870,6,34,1,0.0
22874,2,30,1,1.0
22877,1,39,1,0.0
22879,1,47,1,1.0
22880,1,47,1,1.0
22882,2,16,1,0.0
22893,0,17,1,1.0
22895,0,17,1,1.0
22897,0,17,1,0.0
22939,5,42,1,0.0
22940,6,31,1,0.0
22941,6,36,1,0.0
22942,6,37,1,1.0
22943,6,36,1,1.0
22944,6,37,1,1.0
22945,6,37,1,1.0
22946,6,31,1,0.0
22947,6,36,1,0.0
22948,6,37,1,1.0
22949,6,34,1,1.0
22970,1,45,1,0.0
22971,2,16,1,0.0
22972,2,16,1,1.0
22973,2,16,1,0.0
23015,6,32,1,0.0
23016,6,36,1,0.0
23017,6,36,1,0.0
23018,6,36,1,1.0
23019,6,35,1,1.0
23020,6,36,1,0.0
23021,6,36,1,0.0
23022,6,32,1,0.0
23023,6,37,1,1.0
23024,6,36,1,1.0
23027,2,20,1,1.0
23028,6,32,1,0.0
23029,6,37,1,1.0
23030,0,37,1,1.0
23031,6,32,1,0.0
23032,6,37,1,1.0
23033,6,36,1,0.0
23036,6,34,1,0.0
23360,6,34,1,0.0
23361,6,31,1,0.0
23362,6,34,1,0.0
23364,3,24,1,1.0
23365,4,44,1,1.0
23372,3,14,1,0.0
23377,6,37,1,0.0
23378,6,31,1,0.0
23379,6,37,1,0.0
23380,6,31,1,0.0
23381,6,37,1,0.0
23382,6,33,1,0.0
23383,6,36,1,0.0
23384,6,35,1,0.0
23385,6,34,1,0.0
23386,6,36,1,0.0
23387,6,33,1,0.0
23388,6,35,1,0.0
23809,6,35,1,0.0
23810,1,32,1,1.0
23811,1,32,1,0.0
23812,1,32,1,0.0
23813,6,31,1,1.0
23814,6,12,1,1.0
23815,1,45,1,1.0
23817,2,37,1,0.0
23818,4,16,1,1.0
23819,4,19,1,0.0
23820,6,23,1,1.0
23822,6,24,1,0.0
23823,4,20,1,1.0
23850,6,37,1,0.0
23851,1,31,1,0.0
23852,1,30,1,0.0
23853,1,32,1,0.0
23854,1,30,1,1.0
23855,1,29,1,1.0
23856,1,31,1,1.0
23948,6,29,1,0.0
23949,6,37,1,1.0
23950,6,33,1,1.0
23951,6,37,1,0.0
23952,6,35,1,0.0
23970,6,36,1,1.0
23971,6,31,1,1.0
23972,0,30,1,0.0
23973,6,33,1,0.0
23974,0,17,1,0.0
23975,6,32,1,1.0
23976,6,36,1,0.0
23977,6,36,1,1.0
23978,6,36,1,0.0
23979,6,35,1,1.0
23980,6,35,1,0.0
23981,6,36,1,0.0
23982,5,24,1,0.0
23983,6,34,1,0.0
23984,6,31,1,1.0
24000,2,32,1,0.0
24001,2,25,1,0.0
24002,2,29,1,0.0
24003,2,29,1,1.0
24004,6,34,1,1.0
24036,6,36,1,0.0
24037,6,38,1,1.0
24038,6,34,1,0.0
24039,6,35,1,0.0
24040,6,37,1,0.0
24041,6,36,1,0.0
24044,4,25,1,0.0
24045,2,3,1,1.0
24046,6,37,1,0.0
24047,6,36,1,1.0
24048,6,43,1,1.0
24049,6,38,1,1.0
24050,6,37,1,0.0
24051,5,30,1,1.0
24052,3,39,1,0.0
24273,6,3,1,0.0
24274,6,37,1,0.0
24275,6,35,1,0.0
24276,6,27,1,0.0
24277,6,31,1,0.0
24278,6,37,1,0.0
24279,6,35,1,0.0
24280,6,37,1,0.0
24366,4,36,1,0.0
24367,5,15,1,0.0
24368,1,20,1,0.0
24369,5,30,1,0.0
24420,6,23,1,0.0
24421,6,42,1,0.0
24422,1,23,1,0.0
24423,0,31,1,0.0
24424,0,25,1,1.0
24425,1,28,1,1.0
24426,0,36,1,0.0
24473,3,26,1,0.0
24474,4,20,1,1.0
24505,0,20,1,0.0
24506,6,24,1,0.0
24507,4,42,1,0.0
24509,6,23,1,0.0
24510,4,41,1,0.0
24527,0,15,1,0.0
24590,6,38,1,0.0
24591,6,39,1,0.0
24592,6,39,1,1.0
24593,6,43,1,0.0
24594,6,41,1,1.0
24595,6,37,1,1.0
24596,6,11,1,0.0
24597,6,37,1,1.0
24598,6,38,1,1.0
24599,6,38,1,0.0
24600,6,22,1,0.0
24601,6,40,1,0.0
24603,2,43,1,0.0
24604,6,40,1,0.0
24620,6,33,1,0.0
24682,2,24,1,1.0
24829,2,24,1,1.0
24942,4,42,1,1.0
24986,6,36,1,0.0
24987,6,33,1,0.0
24988,6,36,1,0.0
24990,6,37,1,0.0
24991,6,36,1,0.0
24996,6,30,1,0.0
25005,6,31,1,0.0
25006,4,32,1,1.0
25007,4,17,1,1.0
25008,6,37,1,1.0
25009,6,30,1,1.0
25010,2,23,1,1.0
25011,6,37,1,0.0
25012,3,45,1,1.0
25013,3,34,1,1.0
25014,6,34,1,1.0
25015,6,34,1,0.0
25016,6,33,1,0.0
25017,6,37,1,0.0
25018,1,17,1,1.0
25019,6,36,1,0.0
25020,6,33,1,0.0
25032,2,17,1,0.0
25055,6,41,1,0.0
25056,6,37,1,1.0
25057,6,47,1,1.0
25058,6,45,1,0.0
25059,6,40,1,1.0
25060,6,42,1,0.0
25061,6,47,1,1.0
25062,6,36,1,1.0
25063,6,38,1,1.0
25064,6,35,1,0.0
25065,6,37,1,1.0
25066,6,37,1,1.0
25067,6,44,1,1.0
25068,6,43,1,1.0
25069,6,46,1,1.0
25070,6,44,1,1.0
25071,6,43,1,0.0
25072,6,40,1,1.0
25073,6,36,1,1.0
25074,6,36,1,1.0
25075,6,34,1,1.0
25076,6,42,1,1.0
25077,6,36,1,1.0
25078,6,42,1,1.0
25079,6,43,1,1.0
25080,6,43,1,1.0
25081,6,39,1,1.0
25082,6,35,1,1.0
25083,5,34,1,0.0
25084,6,42,1,1.0
25085,6,38,1,1.0
25086,6,43,1,1.0
25087,6,36,1,1.0
25088,6,46,1,0.0
25089,6,45,1,1.0
25090,6,38,1,1.0
25091,6,37,1,1.0
25092,6,42,1,1.0
25093,6,37,1,1.0
25094,6,44,1,1.0
25095,6,43,1,1.0
25096,6,39,1,1.0
25097,6,39,1,1.0
25098,6,29,1,0.0
25099,6,44,1,1.0
25100,6,37,1,1.0
25101,6,43,1,1.0
25102,6,45,1,1.0
25103,6,45,1,1.0
25104,6,40,1,1.0
25105,6,45,1,1.0
25106,6,38,1,1.0
25107,6,42,1,1.0
25108,6,42,1,1.0
25109,6,44,1,1.0
25110,6,44,1,1.0
25111,6,38,1,1.0
25112,6,44,1,1.0
25113,6,45,1,1.0
25114,6,44,1,1.0
25115,6,44,1,1.0
25116,6,46,1,1.0
25117,2,39,1,0.0
25118,2,22,1,1.0
25120,6,43,1,1.0
25121,6,44,1,1.0
25122,0,0,1,1.0
25123,6,44,1,1.0
25124,6,44,1,1.0
25125,6,46,1,0.0
25126,6,42,1,1.0
25127,6,43,1,1.0
25128,6,44,1,1.0
25129,6,39,1,1.0
25130,6,21,1,0.0
25131,6,39,1,1.0
25365,6,33,1,0.0
25366,6,32,1,0.0
25367,6,25,1,0.0
25368,6,36,1,0.0
26279,4,25,1,1.0
26280,4,24,1,1.0
26281,4,16,1,0.0
50010,6,34,1,1.0
50011,6,34,1,1.0
50012,6,36,1,1.0
50013,6,34,1,1.0
50014,2,11,1,0.0
50015,1,44,1,1.0
50016,6,37,1,1.0
50017,4,27,1,1.0
50018,6,31,1,0.0
50019,2,37,1,0.0
50120,6,33,1,0.0
50122,6,36,1,0.0
50126,6,33,1,0.0
50127,6,30,1,0.0
50128,6,36,1,1.0
50211,6,36,1,0.0
50212,6,38,1,1.0
50213,6,37,1,0.0
50214,6,37,1,0.0
50215,6,36,1,0.0
50216,6,28,1,1.0
50217,6,35,1,1.0
50218,6,37,1,1.0
50219,6,34,1,0.0
50220,6,37,1,0.0
50221,6,37,1,0.0
50222,6,33,1,0.0
50223,6,35,1,0.0
50510,6,35,1,0.0
50511,6,35,1,0.0
50512,6,37,1,0.0
50513,6,34,1,0.0
50516,6,29,1,0.0
50517,6,34,1,0.0
50518,6,35,1,0.0
50519,6,37,1,0.0
50520,6,34,1,0.0
50521,6,36,1,0.0
50522,6,36,1,0.0
50523,6,36,1,0.0
50524,6,36,1,0.0
50525,6,36,1,0.0
50624,6,37,1,0.0
50625,6,37,1,1.0
50626,6,29,1,1.0
50631,6,35,1,0.0
50632,6,36,1,0.0
50633,6,32,1,0.0
50634,6,36,1,0.0
50635,6,37,1,1.0
50636,6,35,1,0.0
50637,6,37,1,0.0
50638,6,35,1,0.0
50639,6,38,1,1.0
50640,6,38,1,0.0
50641,6,38,1,0.0
50642,6,32,1,1.0
50643,6,29,1,1.0
50644,6,36,1,0.0
50645,6,36,1,1.0
50649,6,34,1,1.0
50650,6,31,1,1.0
50651,6,32,1,1.0
50652,6,32,1,1.0
50653,6,33,1,1.0
50654,1,33,1,1.0
50655,6,32,1,1.0
50656,6,34,1,1.0
50657,6,33,1,0.0
50658,6,32,1,1.0
50659,6,34,1,1.0
50661,6,33,1,0.0
50662,6,34,1,0.0
50663,6,34,1,0.0
50664,6,36,1,0.0
50665,6,37,1,0.0
50666,6,37,1,0.0
50667,6,37,1,0.0
50668,6,37,1,0.0
50669,6,31,1,1.0
50670,6,37,1,0.0
50671,6,36,1,1.0
50672,6,34,1,1.0
50673,6,36,1,1.0
50675,6,32,1,1.0
50676,6,35,1,1.0
50677,6,37,1,1.0
50678,6,34,1,1.0
50679,6,36,1,1.0
50815,6,36,1,0.0
50816,6,37,1,0.0
50817,6,37,1,0.0
50818,6,37,1,0.0
50848,6,37,1,0.0
50849,6,34,1,0.0
50850,6,35,1,0.0
50851,1,38,1,0.0
50852,6,34,1,0.0
50910,6,36,1,0.0
50911,6,36,1,0.0
50912,6,36,1,0.0
50918,6,34,1,0.0
50919,6,35,1,0.0
50931,6,35,1,0.0
50932,6,37,1,0.0
50933,6,38,1,0.0
50934,6,34,1,1.0
50935,6,27,1,0.0
51012,6,37,1,1.0
51013,6,36,1,0.0
51014,6,37,1,0.0
51015,6,36,1,0.0
51016,6,37,1,0.0
51017,6,35,1,0.0
51018,6,35,1,0.0
51019,6,37,1,0.0
51153,6,36,1,1.0
51154,6,22,1,1.0
51155,6,16,1,1.0
51160,3,33,1,1.0
51310,6,34,1,0.0
51311,6,37,1,1.0
51312,6,37,1,1.0
51313,6,33,1,1.0
51314,6,29,1,1.0
51430,6,37,1,0.0
51431,6,36,1,0.0
51432,6,36,1,0.0
51433,6,36,1,0.0
51437,6,37,1,0.0
51438,6,38,1,0.0
51439,6,36,1,0.0
51440,6,35,1,0.0
51441,6,36,1,0.0
51442,6,34,1,0.0
51443,6,36,1,0.0
51444,6,36,1,0.0
51445,6,34,1,0.0
51446,6,36,1,0.0
51447,6,38,1,0.0
51448,6,38,1,1.0
51449,6,37,1,0.0
51613,1,20,1,0.0
51614,1,22,1,1.0
51615,1,22,1,0.0
51616,6,34,1,0.0
51617,6,37,1,0.0
51618,6,34,1,0.0
51619,6,38,1,0.0
51620,6,33,1,1.0
51631,6,34,1,0.0
51632,6,23,1,0.0
51633,6,23,1,0.0
51634,6,35,1,0.0
51635,6,37,1,0.0
51636,6,35,1,0.0
51637,6,35,1,0.0
51638,6,34,1,0.0
51640,6,35,1,0.0
51733,6,37,1,0.0
51734,6,36,1,0.0
51735,6,34,1,1.0
51736,6,35,1,0.0
51742,6,37,1,0.0
51743,6,37,1,0.0
51744,6,34,1,0.0
51745,6,38,1,1.0
51746,6,36,1,0.0
51750,6,35,1,0.0
51751,6,38,1,1.0
51752,6,36,1,0.0
51753,6,35,1,0.0
51811,5,39,1,0.0
51812,4,37,1,0.0
51813,6,33,1,0.0
51814,6,33,1,0.0
51815,6,36,1,0.0
51816,6,38,1,0.0
51817,6,34,1,0.0
51818,6,37,1,0.0
51819,1,19,1,1.0
51820,6,35,1,0.0
51821,6,33,1,0.0
51824,1,27,1,0.0
51825,1,28,1,1.0
51826,6,19,1,0.0
51827,1,27,1,0.0
51829,1,27,1,0.0
51830,1,29,1,0.0
51831,4,19,1,1.0
51832,1,29,1,1.0
51833,1,31,1,0.0
51834,6,19,1,0.0
51836,1,28,1,0.0
51837,6,18,1,0.0
51838,1,29,1,0.0
51839,1,29,1,1.0
51840,1,28,1,0.0
51841,1,29,1,1.0
51853,1,28,1,1.0
51854,1,29,1,1.0
51855,1,28,1,0.0
51856,1,27,1,0.0
51857,1,29,1,0.0
51858,6,19,1,1.0
51859,2,20,1,0.0
51860,1,27,1,0.0
51861,1,29,1,1.0
51862,1,29,1,1.0
51922,6,36,1,0.0
51923,6,36,1,0.0
51924,6,35,1,0.0
51925,6,35,1,0.0
51926,6,36,1,0.0
51927,6,35,1,0.0
51928,6,37,1,0.0
51929,6,37,1,0.0
51930,6,37,1,1.0
51931,6,37,1,0.0
51932,6,36,1,0.0
51933,6,36,1,0.0
51934,6,37,1,0.0
51935,6,35,1,0.0
51936,6,34,1,0.0
51937,6,35,1,0.0
51938,6,37,1,0.0
51950,6,34,1,0.0
52011,6,34,1,0.0
52012,6,35,1,0.0
52013,6,35,1,0.0
52014,6,35,1,0.0
52015,6,35,1,0.0
52018,6,35,1,0.0
52024,1,29,1,1.0
52025,3,18,1,0.0
52026,1,28,1,0.0
52027,1,30,1,1.0
52028,1,29,1,0.0
52029,3,19,1,0.0
52030,1,30,1,1.0
52031,1,30,1,0.0
52110,6,37,1,0.0
52111,6,35,1,0.0
52117,6,38,1,1.0
52118,6,36,1,0.0
52120,6,38,1,0.0
52121,6,36,1,0.0
52123,1,30,1,1.0
52124,1,29,1,0.0
52125,1,29,1,0.0
52126,1,28,1,0.0
52127,3,18,1,1.0
52128,3,16,1,0.0
52129,3,16,1,0.0
52130,1,30,1,0.0
52131,1,30,1,0.0
52132,6,17,1,0.0
52133,3,18,1,1.0
52134,1,30,1,0.0
52135,1,30,1,0.0
52136,2,33,1,0.0
52137,1,17,1,0.0
52143,2,17,1,0.0
52147,1,29,1,0.0
52148,3,18,1,1.0
52149,1,31,1,0.0
52150,1,30,1,1.0
52151,1,30,1,1.0
52210,6,37,1,0.0
52211,6,36,1,0.0
52212,6,36,1,0.0
52213,6,36,1,0.0
52214,6,36,1,0.0
52215,6,30,1,0.0
52216,1,21,1,0.0
52217,6,34,1,0.0
52218,6,36,1,1.0
52223,6,38,1,0.0
52224,6,37,1,0.0
52225,6,35,1,0.0
52226,6,35,1,0.0
52227,6,36,1,0.0
52228,6,35,1,0.0
52229,6,36,1,0.0
52230,6,35,1,0.0
52231,6,36,1,0.0
52232,6,34,1,0.0
52233,6,37,1,0.0
52244,6,33,1,0.0
52245,6,38,1,1.0
52246,6,37,1,0.0
52247,6,34,1,0.0
52248,6,35,1,0.0
52249,6,37,1,0.0
52311,4,46,1,0.0
52313,6,36,1,0.0
52314,6,38,1,0.0
52315,6,37,1,0.0
52316,6,36,1,0.0
52317,6,36,1,0.0
52318,6,37,1,0.0
52319,6,37,1,0.0
52320,6,37,1,0.0
53211,6,35,1,0.0
53212,6,37,1,1.0
53213,6,38,1,0.0
53214,6,38,1,0.0
53215,6,47,1,1.0
53216,6,37,1,1.0
53222,6,37,1,0.0
53223,6,35,1,0.0
53224,6,37,1,0.0
53225,6,37,1,0.0
53226,6,37,1,0.0
53227,6,37,1,1.0
53228,4,45,1,0.0
53815,6,33,1,0.0
53816,6,34,1,1.0
53817,5,43,1,0.0
53818,6,34,1,1.0
53819,6,32,1,0.0
53820,6,37,1,0.0
53827,6,37,1,0.0
53830,6,35,1,0.0
53836,6,33,1,1.0
53913,6,36,1,0.0
53914,6,35,1,0.0
53915,6,38,1,0.0
53916,1,21,1,1.0
53917,6,38,1,0.0
53918,6,37,1,0.0
53919,6,37,1,0.0
53920,6,35,1,0.0
53923,6,32,1,0.0
53924,6,33,1,1.0
53925,6,37,1,0.0
53926,6,38,1,1.0
53927,6,37,1,1.0
53928,6,37,1,1.0
53929,6,37,1,0.0
53930,6,38,1,0.0
53931,6,36,1,0.0
53932,6,33,1,1.0
53933,6,35,1,0.0
53934,6,37,1,0.0
53935,6,35,1,0.0
53936,6,38,1,1.0
53937,6,38,1,1.0
53938,6,37,1,0.0
53939,6,38,1,1.0
53940,6,37,1,0.0
53941,6,38,1,1.0
53944,6,37,1,0.0
53945,6,35,1,1.0
53946,6,35,1,0.0
53947,6,38,1,1.0
53948,6,32,1,0.0
53949,6,36,1,1.0
53950,6,36,1,0.0
54034,6,35,1,1.0
54035,6,37,1,1.0
54036,6,33,1,0.0
54037,6,34,1,1.0
54038,6,37,1,1.0
54039,6,37,1,1.0
54040,6,36,1,1.0
54041,6,34,1,0.0
54042,6,37,1,1.0
54062,6,37,1,1.0
54063,6,37,1,1.0
54064,6,37,1,1.0
54065,6,36,1,1.0
54127,6,35,1,1.0
54128,6,37,1,0.0
54129,6,35,1,0.0
54130,6,37,1,1.0
54131,6,35,1,1.0
54132,6,37,1,0.0
54133,6,37,1,1.0
54134,6,35,1,1.0
54135,6,32,1,0.0
54136,6,37,1,0.0
54137,6,37,1,0.0
54138,6,37,1,0.0
54139,6,36,1,1.0
54152,6,35,1,1.0
54226,6,28,1,0.0
54227,6,37,1,0.0
54228,6,38,1,0.0
54244,1,15,1,1.0
54245,6,35,1,0.0
54246,6,35,1,1.0
54247,6,36,1,1.0
54248,6,29,1,1.0
54249,6,24,1,1.0
54315,6,36,1,1.0
54316,6,37,1,0.0
54317,6,33,1,0.0
54318,6,36,1,0.0
54319,6,37,1,0.0
54320,6,38,1,0.0
54321,6,37,1,0.0
54322,6,33,1,0.0
54323,6,37,1,0.0
54324,6,37,1,0.0
54325,6,36,1,0.0
54326,6,37,1,0.0
54327,6,35,1,0.0
54328,6,38,1,0.0
54329,6,37,1,0.0
54330,6,36,1,0.0
54331,6,33,1,0.0
54332,6,24,1,0.0
54333,6,35,1,0.0
54334,6,37,1,0.0
54335,6,35,1,0.0
54336,6,37,1,0.0
54337,6,36,1,0.0
54415,6,37,1,0.0
54416,6,34,1,0.0
54417,6,35,1,0.0
54419,6,36,1,0.0
54420,5,1,1,1.0
54421,6,38,1,0.0
54422,6,23,1,1.0
54424,6,35,1,0.0
54425,6,35,1,0.0
54427,6,37,1,0.0
54428,6,37,1,0.0
54429,6,36,1,0.0
54430,6,36,1,0.0
54431,6,36,1,0.0
54432,4,47,1,1.0
54433,6,37,1,0.0
54434,6,36,1,0.0
54435,6,35,1,0.0
54436,6,34,1,0.0
54437,6,36,1,0.0
54438,6,36,1,0.0
54439,6,36,1,0.0
54440,6,36,1,0.0
54441,5,46,1,1.0
54453,6,37,1,0.0
54454,6,38,1,0.0
54516,6,37,1,0.0
54517,6,35,1,1.0
54518,1,25,1,1.0
54519,6,36,1,0.0
54526,6,22,1,1.0
54527,4,44,1,1.0
54528,3,37,1,1.0
54529,4,24,1,0.0
54530,6,28,1,1.0
54531,2,36,1,1.0
54532,2,24,1,1.0
54533,0,25,1,0.0
54534,0,20,1,0.0
54535,0,26,1,0.0
54536,0,27,1,0.0
54537,0,27,1,0.0
54538,0,27,1,0.0
54539,0,27,1,0.0
54540,3,15,1,1.0
54541,0,25,1,0.0
54545,3,14,1,0.0
54546,0,26,1,0.0
54547,0,25,1,0.0
54548,3,14,1,1.0
54549,0,27,1,0.0
54550,0,26,1,0.0
54551,0,27,1,0.0
54552,0,24,1,0.0
54553,0,24,1,0.0
54612,6,38,1,0.0
54613,6,35,1,0.0
54614,6,32,1,0.0
54615,6,34,1,0.0
54616,6,36,1,0.0
54617,4,39,1,1.0
54623,6,36,1,0.0
54624,6,38,1,0.0
54625,6,38,1,0.0
54626,6,37,1,0.0
54627,6,37,1,0.0
54628,6,37,1,0.0
54629,6,37,1,0.0
54630,6,37,1,0.0
54631,6,37,1,0.0
54632,6,34,1,0.0
54633,6,35,1,0.0
54634,6,35,1,0.0
55312,6,38,1,1.0
55313,6,33,1,0.0
55314,4,21,1,0.0
55315,6,37,1,0.0
55316,6,37,1,0.0
55317,6,37,1,1.0
55318,6,36,1,0.0
55319,6,37,1,1.0
55320,6,30,1,1.0
55333,6,38,1,1.0
55516,2,27,1,0.0
55520,2,27,1,0.0
55521,2,28,1,0.0
55522,2,29,1,0.0
55523,2,29,1,1.0
55524,2,24,1,0.0
56524,6,37,1,0.0
56525,6,34,1,1.0
56526,6,37,1,1.0
56527,6,35,1,1.0
56528,6,35,1,1.0
56529,6,35,1,1.0
56530,6,34,1,1.0
56531,6,31,1,0.0
56532,6,34,1,1.0
56533,6,31,1,1.0
56610,6,37,1,0.0
56611,6,36,1,1.0
56612,6,35,1,1.0
56613,6,36,1,1.0
56614,6,38,1,0.0
56616,6,13,1,0.0
56617,6,35,1,0.0
56618,6,37,1,0.0
56621,2,23,1,0.0
56622,2,23,1,0.0
56623,3,19,1,0.0
56624,3,33,1,1.0
56625,3,32,1,1.0
56710,6,37,1,0.0
56711,6,37,1,1.0
56712,6,36,1,1.0
56713,6,32,1,1.0
56714,6,17,1,1.0
56715,6,36,1,1.0
56716,6,34,1,1.0
56717,6,36,1,1.0
56718,6,34,1,1.0
56719,6,34,1,1.0
56720,6,35,1,0.0
56722,6,32,1,1.0
56723,6,35,1,1.0
56823,6,37,1,1.0
56824,6,36,1,1.0
56825,6,36,1,0.0
56826,6,36,1,0.0
56827,6,36,1,1.0
56828,6,35,1,0.0
56910,6,35,1,1.0
56911,6,35,1,1.0
56912,6,34,1,0.0
56913,6,37,1,1.0
56914,6,35,1,1.0
56915,6,36,1,0.0
56916,6,37,1,1.0
56917,6,37,1,1.0
56918,6,37,1,0.0
56920,6,30,1,0.0
56921,6,37,1,1.0
56922,6,35,1,0.0
56923,6,33,1,1.0
56924,6,37,1,1.0
56925,6,38,1,1.0
56926,6,36,1,0.0
56927,3,31,1,1.0
56928,6,37,1,1.0
56929,6,37,1,0.0
57212,6,36,1,0.0
57214,6,38,1,0.0
57215,6,28,1,1.0
57216,6,37,1,0.0
57218,6,36,1,0.0
57219,4,0,1,1.0
57220,6,32,1,0.0
57222,6,38,1,1.0
57223,6,36,1,1.0
57224,6,36,1,0.0
57225,6,36,1,0.0
57227,6,34,1,0.0
57228,6,37,1,0.0
57229,6,36,1,0.0
57230,6,36,1,0.0
57231,2,14,1,1.0
57310,6,36,1,0.0
57311,6,37,1,0.0
57312,6,36,1,0.0
57313,6,35,1,0.0
57314,6,36,1,0.0
57315,6,35,1,0.0
57316,6,37,1,0.0
57317,6,38,1,1.0
57318,6,35,1,0.0
57319,6,37,1,1.0
57327,6,34,1,1.0
57328,6,26,1,0.0
57329,6,37,1,0.0
57330,6,38,1,1.0
57640,5,46,1,1.0
57641,6,24,1,1.0
57642,5,43,1,1.0
57643,6,7,1,1.0
57644,5,47,1,1.0
57645,6,30,1,1.0
57646,3,38,1,1.0
57647,6,42,1,1.0
57648,6,39,1,1.0
57649,6,22,1,1.0
57650,6,41,1,1.0
57651,6,36,1,1.0
57719,6,38,1,1.0
57720,6,37,1,0.0
57721,6,27,1,0.0
57738,6,29,1,0.0
57739,6,37,1,1.0
57742,0,19,1,0.0
57743,6,37,1,0.0
57916,0,25,1,0.0
57917,0,25,1,0.0
57918,0,25,1,0.0
57921,6,36,1,0.0
57922,6,37,1,1.0
57923,6,37,1,1.0
57924,6,37,1,1.0
57925,6,37,1,1.0
57926,6,38,1,0.0
57927,6,37,1,0.0
57935,0,25,1,1.0
57936,0,25,1,0.0
57937,0,25,1,1.0
57938,0,24,1,0.0
57939,4,15,1,0.0
57940,0,26,1,1.0
57941,0,24,1,0.0
57942,2,35,1,1.0
57943,0,20,1,0.0
58012,6,35,1,0.0
58014,6,35,1,0.0
58113,1,22,1,1.0
58114,6,33,1,0.0
58115,6,37,1,0.0
58116,6,35,1,0.0
58117,6,38,1,0.0
58118,6,37,1,0.0
58119,6,38,1,1.0
58120,6,38,1,1.0
58210,6,34,1,0.0
58211,0,25,1,1.0
58212,6,33,1,0.0
58213,6,34,1,0.0
60026,6,37,1,0.0
60027,6,37,1,0.0
60028,6,32,1,0.0
60029,6,35,1,0.0
60131,6,37,1,0.0
60132,6,36,1,0.0
60133,6,37,1,1.0
60134,6,37,1,0.0
60135,6,37,1,0.0
60136,6,37,1,1.0
60137,6,37,1,0.0
60138,6,36,1,0.0
60139,5,27,1,1.0
60140,6,36,1,1.0
60216,6,38,1,0.0
60217,6,37,1,0.0
60218,6,37,1,0.0
60219,6,37,1,0.0
60220,6,37,1,0.0
60221,6,37,1,0.0
60222,6,36,1,1.0
60223,6,38,1,1.0
60226,6,36,1,0.0
60228,5,40,1,1.0
60229,5,45,1,1.0
60230,6,35,1,0.0
60231,6,35,1,0.0
60240,6,34,1,1.0
60241,6,37,1,1.0
60242,6,37,1,1.0
60243,6,35,1,1.0
60244,4,22,1,0.0
60245,6,36,1,1.0
60424,4,0,1,1.0
60425,6,27,1,0.0
60426,6,37,1,0.0
60427,6,37,1,0.0
60428,6,37,1,1.0
60435,6,38,1,1.0
60436,6,37,1,0.0
60437,6,35,1,1.0
60729,6,37,1,1.0
60730,6,37,1,0.0
60731,5,35,1,0.0
60732,6,37,1,0.0
60733,6,35,1,0.0
60735,6,37,1,0.0
60736,6,35,1,0.0
60737,6,32,1,0.0
60738,6,36,1,0.0
60739,6,37,1,1.0
60740,6,37,1,0.0
60820,2,27,1,0.0
60821,6,20,1,0.0
60833,6,37,1,1.0
60834,6,38,1,1.0
60836,6,37,1,0.0
60837,6,35,1,0.0
60838,6,36,1,1.0
60839,6,37,1,1.0
60840,6,36,1,0.0
60846,6,38,1,1.0
60847,3,43,1,1.0
60940,6,3,1,0.0
60941,6,33,1,0.0
60942,6,31,1,0.0
60956,6,37,1,0.0
60957,3,37,1,1.0
60958,2,30,1,1.0
61018,4,24,1,1.0
61019,4,26,1,1.0
61020,3,19,1,0.0
61021,1,28,1,1.0
61135,6,37,1,1.0
61137,6,37,1,1.0
61138,3,34,1,1.0
61139,6,37,1,0.0
61145,1,24,1,1.0
61147,1,31,1,1.0
61148,3,22,1,0.0
61150,6,31,1,0.0
61151,5,32,1,0.0
61152,6,37,1,0.0
61231,6,37,1,1.0
61241,6,35,1,1.0
61242,6,30,1,0.0
61243,6,35,1,0.0
61244,6,36,1,0.0
61245,6,37,1,0.0
61246,6,37,1,0.0
61247,6,36,1,0.0
61248,6,31,1,0.0
61249,6,37,1,0.0
61311,2,28,1,1.0
61312,6,38,1,0.0
61320,6,38,1,0.0
61322,6,32,1,0.0
61325,2,27,1,0.0
61326,2,30,1,0.0
61327,6,36,1,1.0
61328,6,36,1,1.0
61329,2,30,1,0.0
61411,6,37,1,1.0
61412,6,30,1,0.0
61413,6,35,1,0.0
61414,6,34,1,0.0
61415,6,34,1,0.0
61416,6,35,1,0.0
61420,6,36,1,1.0
61421,6,38,1,1.0
61428,5,21,1,1.0
61513,6,37,1,1.0
61514,6,37,1,0.0
61515,6,35,1,0.0
61518,6,32,1,1.0
61519,6,33,1,0.0
61520,6,37,1,0.0
61521,6,37,1,0.0
61522,6,37,1,1.0
61523,6,37,1,1.0
61528,1,6,1,0.0
61531,6,35,1,1.0
61532,6,37,1,1.0
61533,6,34,1,1.0
61534,6,32,1,1.0
61535,6,35,1,1.0
61536,6,37,1,1.0
61545,6,37,1,1.0
61546,6,37,1,1.0
61547,6,37,1,0.0
61613,6,34,1,1.0
61614,6,33,1,1.0
61615,6,38,1,0.0
61616,6,32,1,1.0
61617,6,36,1,1.0
61618,6,36,1,1.0
61619,6,27,1,1.0
61625,6,36,1,1.0
61626,5,21,1,1.0
61634,6,36,1,1.0
61635,6,34,1,0.0
61640,6,35,1,0.0
61641,6,37,1,0.0
61642,6,37,1,0.0
61643,6,37,1,0.0
61644,6,36,1,0.0
61647,6,37,1,0.0
61648,6,37,1,0.0
61649,6,36,1,0.0
61652,6,37,1,0.0
61653,6,37,1,0.0
61654,6,37,1,1.0
61710,6,34,1,0.0
61711,6,35,1,0.0
61712,6,37,1,0.0
61713,6,36,1,0.0
61714,6,37,1,0.0
61715,6,38,1,1.0
61716,6,37,1,0.0
61717,6,36,1,0.0
61718,6,38,1,0.0
61719,6,35,1,0.0
61720,6,37,1,0.0
61736,6,37,1,1.0
61737,6,33,1,0.0
61738,6,37,1,0.0
61739,6,37,1,1.0
61740,6,36,1,0.0
61741,6,37,1,1.0
61742,6,37,1,1.0
61743,6,36,1,1.0
61822,6,36,1,0.0
61823,6,34,1,0.0
61829,6,37,1,0.0
61830,4,43,1,1.0
61831,6,34,1,0.0
61835,2,18,1,0.0
61843,6,37,1,0.0
61844,6,36,1,0.0
61845,6,33,1,0.0
61847,6,28,1,0.0
61848,6,35,1,0.0
61910,6,34,1,1.0
61911,6,36,1,1.0
61912,6,35,1,0.0
61913,6,36,1,0.0
61914,6,37,1,0.0
61915,6,36,1,0.0
61916,6,36,1,0.0
61917,6,35,1,0.0
61920,6,37,1,0.0
61921,6,35,1,0.0
61922,6,37,1,0.0
61923,6,37,1,0.0
61924,6,37,1,0.0
61925,6,34,1,0.0
61928,6,38,1,0.0
61929,6,38,1,0.0
61930,6,37,1,0.0
61931,6,37,1,0.0
61932,6,37,1,0.0
61933,5,43,1,0.0
61934,6,35,1,0.0
61940,6,35,1,0.0
61941,6,34,1,0.0
61942,4,32,1,0.0
61943,6,37,1,0.0
61944,6,35,1,0.0
61945,6,36,1,0.0
61946,6,34,1,0.0
61947,6,37,1,0.0
61948,6,34,1,0.0
61949,6,35,1,0.0
61950,6,35,1,0.0
61951,6,35,1,0.0
61952,6,34,1,0.0
61953,6,37,1,0.0
62020,6,37,1,1.0
62021,6,38,1,0.0
62027,6,36,1,0.0
62028,6,37,1,0.0
62029,6,38,1,1.0
62030,6,35,1,0.0
62031,6,37,1,0.0
62032,6,37,1,0.0
62051,3,19,1,0.0
62052,3,22,1,1.0
62053,3,19,1,0.0
62058,6,38,1,1.0
62059,6,37,1,0.0
62060,6,37,1,0.0
62062,6,38,1,0.0
62063,6,34,1,0.0
62064,6,35,1,0.0
62065,6,35,1,0.0
62066,6,37,1,1.0
62210,6,27,1,1.0
62211,6,35,1,1.0
62212,6,35,1,0.0
62213,6,35,1,0.0
62214,6,37,1,0.0
62215,6,36,1,0.0
62216,6,37,1,1.0
62217,6,36,1,1.0
62218,6,36,1,1.0
62219,6,36,1,1.0
62220,6,36,1,1.0
62234,6,26,1,1.0
62235,6,31,1,1.0
62236,6,35,1,1.0
62237,6,32,1,1.0
62238,6,37,1,0.0
62239,1,46,1,0.0
62240,6,35,1,0.0
62241,6,36,1,1.0
62242,6,36,1,1.0
62243,6,36,1,1.0
62244,4,23,1,0.0
62245,0,44,1,1.0
62246,0,45,1,1.0
62310,6,37,1,0.0
62311,3,34,1,1.0
62314,2,18,1,1.0
62315,6,35,1,0.0
62316,6,37,1,0.0
62317,6,35,1,1.0
62318,6,31,1,0.0
62319,6,38,1,1.0
62321,6,37,1,1.0
62323,6,36,1,1.0
62324,6,37,1,1.0
62325,6,34,1,0.0
62326,6,37,1,1.0
62327,6,38,1,1.0
62328,6,36,1,1.0
62329,6,36,1,1.0
62330,6,32,1,1.0
62331,6,36,1,1.0
62332,6,36,1,0.0
62333,6,37,1,1.0
62336,6,36,1,0.0
62337,6,35,1,0.0
62338,6,37,1,1.0
62339,6,34,1,0.0
62340,6,35,1,0.0
62341,6,38,1,0.0
62342,6,38,1,1.0
62343,6,38,1,1.0
62349,6,37,1,1.0
62350,6,38,1,0.0
62410,6,30,1,0.0
62411,6,36,1,1.0
62412,6,38,1,0.0
62415,1,40,1,1.0
62416,6,35,1,1.0
62417,6,35,1,1.0
62418,6,37,1,1.0
62433,6,37,1,0.0
62434,6,38,1,1.0
62642,6,35,1,0.0
62643,6,30,1,0.0
62644,6,32,1,0.0
62645,6,37,1,0.0
62646,6,37,1,0.0
62654,6,37,1,1.0
62655,6,25,1,0.0
62657,6,36,1,0.0
62658,6,36,1,0.0
62661,6,37,1,0.0
62662,6,33,1,0.0
62663,6,38,1,0.0
62710,1,22,1,1.0
62711,6,35,1,0.0
62712,6,36,1,0.0
62713,4,19,1,0.0
62734,6,35,1,0.0
62735,6,37,1,0.0
62756,6,36,1,0.0
62757,6,35,1,0.0
62758,6,35,1,0.0
62759,6,35,1,0.0
62867,6,36,1,0.0
62868,6,34,1,0.0
62869,6,37,1,0.0
62872,6,37,1,0.0
62873,6,37,1,0.0
62874,6,35,1,0.0
62875,6,36,1,0.0
62884,6,37,1,0.0
62885,6,35,1,0.0
62888,6,37,1,1.0
63011,6,36,1,1.0
63013,6,37,1,1.0
63014,6,34,1,0.0
63015,6,38,1,0.0
63016,6,35,1,0.0
63062,6,36,1,0.0
63063,6,34,1,0.0
63064,6,36,1,0.0
63066,6,36,1,0.0
63067,6,35,1,0.0
63072,6,34,1,0.0
63073,6,36,1,0.0
63074,6,36,1,0.0
63075,6,37,1,1.0
63076,6,36,1,0.0
63077,1,30,1,0.0
63119,6,35,1,1.0
63124,6,38,1,1.0
63125,6,37,1,0.0
63126,6,33,1,0.0
63130,6,37,1,1.0
63132,6,34,1,0.0
63133,6,37,1,0.0
63140,6,37,1,1.0
63141,6,35,1,1.0
63142,6,36,1,1.0
63143,6,37,1,0.0
63145,6,33,1,1.0
63146,6,35,1,1.0
63147,1,38,1,1.0
63148,6,34,1,0.0
63151,6,28,1,0.0
63152,6,33,1,0.0
63211,6,35,1,1.0
63212,6,37,1,1.0
63213,6,34,1,1.0
63214,6,36,1,1.0
63215,6,34,1,1.0
63216,6,33,1,1.0
63217,6,35,1,1.0
63221,6,27,1,1.0
63224,6,37,1,1.0
63225,6,37,1,0.0
63226,6,35,1,0.0
63233,6,36,1,1.0
63234,2,35,1,0.0
63235,2,35,1,1.0
63237,6,37,1,0.0
63238,6,38,1,0.0
63239,6,37,1,0.0
63240,6,37,1,0.0
63241,6,37,1,1.0
63242,6,35,1,0.0
63245,6,37,1,0.0
63246,6,36,1,0.0
63310,6,36,1,1.0
63311,6,34,1,1.0
63312,6,34,1,0.0
63315,6,35,1,1.0
63316,6,36,1,1.0
63324,3,18,1,0.0
63325,3,14,1,0.0
63328,3,20,1,0.0
63329,4,7,1,1.0
63330,6,38,1,1.0
63334,3,20,1,0.0
63335,3,20,1,0.0
63336,3,20,1,0.0
63337,4,3,1,1.0
63338,3,19,1,0.0
63339,6,35,1,0.0
63340,6,35,1,1.0
63341,3,28,1,1.0
63342,4,4,1,1.0
63343,4,5,1,1.0
63344,3,17,1,0.0
63345,3,19,1,0.0
63346,3,20,1,1.0
63347,3,18,1,0.0
63348,3,20,1,0.0
63349,3,19,1,0.0
63350,3,13,1,0.0
63353,4,3,1,1.0
63359,4,5,1,1.0
63360,3,19,1,0.0
63361,6,38,1,1.0
63362,6,37,1,1.0
63417,6,34,1,0.0
63418,6,35,1,0.0
63422,6,37,1,1.0
63423,6,15,1,1.0
63424,6,35,1,0.0
63431,6,35,1,0.0
63432,6,36,1,0.0
63442,6,35,1,0.0
63443,6,35,1,0.0
63444,6,38,1,1.0
63445,6,36,1,0.0
63446,6,34,1,0.0
63447,6,35,1,0.0
63448,6,36,1,0.0
63449,6,38,1,1.0
63510,6,35,1,0.0
63511,1,31,1,0.0
63512,6,30,1,0.0
63513,6,35,1,0.0
63514,6,10,1,0.0
63515,6,36,1,0.0
63516,6,36,1,0.0
63517,6,36,1,0.0
63530,6,33,1,0.0
63531,6,34,1,0.0
63532,6,35,1,0.0
63533,6,36,1,0.0
63539,6,35,1,0.0
63540,6,36,1,1.0
63541,6,38,1,1.0
63542,6,12,1,0.0
63543,6,37,1,0.0
63544,6,35,1,0.0
63545,6,37,1,1.0
63546,6,35,1,0.0
63547,6,37,1,0.0
63548,6,37,1,0.0
63553,6,37,1,1.0
63554,6,37,1,0.0
63610,6,37,1,1.0
63613,5,43,1,0.0
63618,6,37,1,1.0
63619,6,38,1,0.0
63620,5,40,1,0.0
63621,6,9,1,0.0
63622,6,37,1,0.0
63623,6,35,1,0.0
63624,6,7,1,0.0
63625,4,35,1,0.0
63626,6,37,1,1.0
63627,6,38,1,0.0
63634,1,27,1,1.0
63635,1,24,1,1.0
63636,2,35,1,1.0
63637,1,22,1,1.0
63638,1,28,1,0.0
63639,0,31,1,1.0
63641,3,27,1,1.0
63923,6,37,1,0.0
63924,6,37,1,1.0
63954,6,35,1,0.0
63961,6,32,1,0.0
63962,6,37,1,1.0
63963,6,35,1,1.0
63964,1,28,1,1.0
63965,5,38,1,0.0
64010,6,37,1,0.0
64011,6,36,1,1.0
64012,6,37,1,0.0
64013,6,37,1,0.0
64014,6,37,1,1.0
64015,6,38,1,0.0
64025,6,36,1,1.0
64026,6,36,1,1.0
64041,6,38,1,0.0
64045,6,36,1,1.0
64046,6,35,1,1.0
64047,6,35,1,1.0
64048,6,35,1,1.0
64049,6,35,1,1.0
64050,6,37,1,0.0
64110,6,34,1,0.0
64111,1,21,1,0.0
64112,6,37,1,0.0
64113,6,36,1,0.0
64114,6,27,1,1.0
64134,6,37,1,1.0
64135,6,38,1,1.0
64137,6,38,1,1.0
64138,3,4,1,1.0
64142,1,19,1,0.0
64214,6,34,1,0.0
64215,6,33,1,0.0
64224,6,30,1,0.0
64225,6,32,1,0.0
64226,6,37,1,0.0
64232,6,30,1,1.0
64233,6,35,1,0.0
64234,6,30,1,1.0
64235,1,41,1,1.0
64236,6,31,1,1.0
64237,6,30,1,1.0
64247,6,33,1,0.0
64248,6,7,1,1.0
64249,6,34,1,0.0
64266,6,35,1,0.0
64267,6,34,1,1.0
64268,6,31,1,1.0
64269,6,27,1,1.0
64270,6,29,1,0.0
64344,2,28,1,0.0
64345,2,22,1,1.0
64376,4,36,1,1.0
64377,2,22,1,1.0
64448,6,35,1,0.0
64457,6,37,1,0.0
64458,6,36,1,0.0
64459,6,35,1,0.0
64460,6,36,1,0.0
64461,6,37,1,0.0
64462,6,36,1,0.0
64463,6,35,1,0.0
64464,6,37,1,0.0
64465,6,37,1,0.0
64558,6,30,1,0.0
64559,6,37,1,0.0
64561,6,37,1,0.0
64562,6,37,1,0.0
64563,6,36,1,0.0
64564,6,36,1,0.0
64565,6,38,1,1.0
64567,6,38,1,0.0
64568,6,37,1,0.0
64569,6,36,1,0.0
64570,6,35,1,1.0
64571,6,37,1,0.0
64572,6,37,1,0.0
64731,6,36,1,0.0
64732,6,36,1,0.0
64733,6,37,1,0.0
64738,6,37,1,1.0
65015,6,34,1,0.0
65016,6,36,1,0.0
65017,6,37,1,0.0
65018,6,36,1,0.0
65019,6,36,1,0.0
65021,6,37,1,1.0
65022,6,36,1,1.0
65023,6,36,1,0.0
65024,6,37,1,0.0
65025,6,35,1,0.0
65026,6,33,1,0.0
65027,6,34,1,0.0
65036,6,37,1,0.0
65037,6,37,1,0.0
65038,6,35,1,0.0
65039,6,37,1,0.0
65040,6,37,1,0.0
65041,6,37,1,0.0
65042,6,35,1,0.0
65043,6,37,1,0.0
65044,6,37,1,1.0
65045,6,36,1,0.0
65046,6,33,1,0.0
65047,6,37,1,0.0
65048,6,35,1,0.0
65049,6,35,1,1.0
65050,6,37,1,0.0
65051,6,38,1,0.0
65052,6,35,1,0.0
65056,6,38,1,1.0
65057,6,36,1,0.0
65058,6,37,1,0.0
65059,6,36,1,0.0
65060,6,35,1,0.0
65061,6,22,1,0.0
65062,6,35,1,0.0
65063,6,35,1,0.0
65064,6,35,1,0.0
65065,6,36,1,0.0
65066,6,35,1,1.0
65067,6,32,1,0.0
65068,6,34,1,0.0
65069,6,36,1,0.0
65070,6,37,1,0.0
65071,6,37,1,0.0
65072,6,35,1,0.0
65073,6,34,1,0.0
65074,6,37,1,1.0
65075,6,36,1,0.0
65086,6,37,1,1.0
65087,6,35,1,0.0
65091,6,37,1,0.0
65092,6,37,1,1.0
65093,6,38,1,0.0
65097,6,37,1,0.0
65098,6,36,1,0.0
65128,6,37,1,0.0
65129,6,37,1,0.0
65130,6,36,1,0.0
65131,6,37,1,0.0
65132,6,35,1,0.0
65133,6,37,1,0.0
65134,6,37,1,0.0
65135,6,38,1,0.0
65136,6,37,1,0.0
65137,6,36,1,0.0
65138,6,37,1,1.0
65139,6,36,1,0.0
65140,6,36,1,0.0
65141,6,35,1,0.0
65142,6,37,1,0.0
65143,6,37,1,0.0
65144,6,37,1,0.0
65145,6,36,1,0.0
65146,6,35,1,0.0
65147,6,37,1,0.0
65148,6,36,1,0.0
65155,6,35,1,0.0
65156,6,37,1,0.0
65157,5,19,1,0.0
65158,6,34,1,0.0
65159,6,36,1,0.0
65160,6,37,1,1.0
65161,6,37,1,0.0
65162,6,34,1,0.0
65163,6,37,1,0.0
65166,6,36,1,0.0
65167,6,37,1,0.0
65168,5,47,1,0.0
65182,6,37,1,0.0
65183,6,36,1,0.0
65184,6,30,1,0.0
65185,6,35,1,0.0
65190,6,38,1,0.0
65191,3,27,1,0.0
65192,6,37,1,0.0
65193,6,35,1,0.0
65194,6,35,1,0.0
65195,6,37,1,0.0
65196,6,37,1,0.0
65197,6,34,1,0.0
65198,6,30,1,1.0
65199,6,37,1,0.0
65210,6,34,1,0.0
65211,6,37,1,0.0
65212,6,37,1,0.0
65213,6,37,1,0.0
65219,6,31,1,0.0
65220,6,36,1,0.0
65227,6,36,1,0.0
65228,6,38,1,1.0
65229,6,36,1,0.0
65230,6,37,1,1.0
65241,6,35,1,0.0
65242,6,36,1,0.0
65243,6,36,1,0.0
65244,6,37,1,0.0
65245,6,37,1,0.0
65246,6,37,1,0.0
65247,6,37,1,0.0
65248,6,36,1,0.0
65311,6,38,1,1.0
65325,6,36,1,0.0
65326,6,36,1,0.0
65327,6,36,1,0.0
65328,6,37,1,0.0
65329,6,33,1,0.0
65330,6,33,1,0.0
65331,6,35,1,0.0
65333,6,37,1,0.0
65334,6,37,1,0.0
65343,0,25,1,0.0
65344,0,25,1,0.0
65356,0,21,1,0.0
65357,0,25,1,0.0
65358,0,24,1,0.0
65359,0,25,1,1.0
65360,0,26,1,1.0
65361,0,26,1,0.0
65362,0,26,1,1.0
65363,0,23,1,0.0
65440,6,37,1,0.0
65442,6,38,1,0.0
65444,6,35,1,0.0
65445,6,36,1,0.0
65446,6,37,1,0.0
65447,6,37,1,0.0
65454,6,35,1,0.0
65455,6,37,1,0.0
65457,6,37,1,0.0
65458,6,37,1,0.0
65459,6,38,1,0.0
65460,6,37,1,0.0
65461,6,39,1,0.0
65462,6,35,1,0.0
65463,6,37,1,0.0
65464,6,37,1,0.0
65465,6,38,1,0.0
65466,6,35,1,0.0
65467,6,32,1,0.0
65468,6,35,1,0.0
65469,6,30,1,0.0
65470,6,34,1,0.0
65474,6,38,1,1.0
65475,6,35,1,0.0
65476,6,38,1,1.0
65477,6,37,1,0.0
65478,6,35,1,0.0
65479,6,36,1,0.0
65481,6,36,1,0.0
65482,6,37,1,0.0
65483,6,35,1,0.0
65487,6,36,1,0.0
65488,6,36,1,0.0
65489,6,38,1,0.0
65490,6,37,1,0.0
65491,6,38,1,1.0
65492,6,35,1,0.0
65510,0,38,1,1.0
65511,0,38,1,1.0
65512,0,38,1,0.0
65513,0,34,1,1.0
65514,0,31,1,1.0
65515,0,35,1,1.0
65517,0,38,1,1.0
65518,0,36,1,1.0
65519,0,37,1,1.0
65520,0,29,1,0.0
65521,0,28,1,1.0
65522,0,33,1,1.0
65523,0,27,1,1.0
65524,0,28,1,1.0
65527,0,37,1,1.0
65528,0,37,1,0.0
65529,0,35,1,0.0
65530,0,34,1,1.0
65531,0,35,1,0.0
65532,0,38,1,0.0
65533,0,38,1,0.0
65534,0,34,1,0.0
65535,0,37,1,0.0
65536,0,38,1,0.0
65537,0,37,1,1.0
65538,0,36,1,0.0
65539,0,36,1,0.0
65540,0,34,1,1.0
65541,0,36,1,0.0
65542,0,39,1,0.0
65543,0,36,1,0.0
65544,0,34,1,1.0
65545,0,38,1,1.0
65546,0,35,1,1.0
65547,0,38,1,0.0
65548,0,37,1,1.0
65549,0,37,1,0.0
65550,0,33,1,1.0
65551,0,31,1,0.0
65552,0,36,1,1.0
65553,0,36,1,1.0
65556,0,34,1,1.0
65557,0,31,1,1.0
65558,0,33,1,1.0
65559,0,32,1,1.0
65560,0,37,1,1.0
65561,0,32,1,1.0
65562,0,33,1,1.0
65563,1,23,1,1.0
65564,0,35,1,1.0
65565,3,23,1,1.0
65566,0,32,1,1.0
65567,0,35,1,1.0
65568,0,32,1,1.0
65569,0,35,1,1.0
65570,0,35,1,1.0
65571,0,33,1,1.0
65572,0,32,1,1.0
65573,0,33,1,1.0
65574,0,37,1,0.0
65575,0,32,1,1.0
65576,0,37,1,0.0
65612,0,32,1,1.0
65613,0,36,1,0.0
65614,0,37,1,0.0
65615,0,38,1,1.0
65616,0,31,1,1.0
65617,0,37,1,0.0
65618,0,37,1,0.0
65619,0,38,1,0.0
65621,0,39,1,1.0
65624,0,39,1,1.0
65625,0,36,1,1.0
65640,0,36,1,0.0
65641,0,37,1,0.0
65642,0,36,1,0.0
65643,0,38,1,1.0
65644,0,36,1,0.0
65645,0,39,1,1.0
65646,0,36,1,0.0
65647,0,38,1,0.0
65648,0,38,1,1.0
65649,0,33,1,1.0
65650,0,37,1,0.0
65651,0,38,1,0.0
65652,0,36,1,0.0
65653,0,39,1,1.0
65654,0,34,1,0.0
65655,0,25,1,0.0
65656,0,32,1,0.0
65657,0,38,1,0.0
65658,0,36,1,0.0
65659,0,39,1,0.0
65660,0,38,1,0.0
65661,0,39,1,0.0
65662,0,38,1,1.0
65663,0,39,1,1.0
65664,0,22,1,0.0
65665,0,34,1,0.0
65666,0,20,1,0.0
65667,0,34,1,0.0
65668,0,36,1,0.0
65669,0,38,1,0.0
65670,5,23,1,1.0
65671,0,35,1,0.0
65672,0,30,1,0.0
65673,0,36,1,0.0
65810,6,36,1,1.0
65811,5,39,1,1.0
65812,6,28,1,1.0
65813,6,28,1,1.0
65816,6,36,1,1.0
65817,6,35,1,1.0
65818,6,35,1,1.0
65822,6,36,1,1.0
65823,6,34,1,1.0
65833,6,37,1,0.0
65834,6,37,1,0.0
65835,6,32,1,1.0
65836,6,37,1,0.0
65837,6,37,1,1.0
65838,6,37,1,0.0
65839,6,36,1,0.0
65846,6,28,1,1.0
65848,6,30,1,1.0
65849,6,30,1,1.0
65850,6,37,1,0.0
65851,6,30,1,1.0
65852,6,29,1,1.0
65853,6,29,1,1.0
65855,6,28,1,1.0
65856,6,37,1,0.0
65861,6,38,1,1.0
65862,6,33,1,0.0
65863,6,36,1,0.0
65864,6,36,1,0.0
65865,6,37,1,0.0
65866,6,38,1,0.0
65867,6,37,1,0.0
65868,6,36,1,0.0
65951,6,35,1,0.0
65952,1,45,1,1.0
65953,6,37,1,0.0
65955,6,34,1,0.0
65956,6,34,1,0.0
66010,2,18,1,0.0
66011,4,33,1,1.0
66012,2,18,1,0.0
66013,2,18,1,0.0
66014,2,18,1,0.0
66015,2,18,1,0.0
66016,2,18,1,0.0
66017,2,18,1,0.0
66018,2,18,1,1.0
66019,2,18,1,0.0
66021,2,18,1,0.0
66022,2,17,1,0.0
66023,2,18,1,1.0
66024,2,19,1,0.0
66025,4,29,1,0.0
66026,2,17,1,1.0
66032,2,17,1,1.0
66033,4,32,1,1.0
66034,4,33,1,1.0
66035,4,33,1,1.0
66056,4,29,1,0.0
66057,4,29,1,0.0
66061,2,18,1,1.0
66062,4,30,1,0.0
66063,2,17,1,1.0
66064,4,16,1,0.0
66065,2,17,1,0.0
66066,4,31,1,1.0
66067,2,17,1,0.0
66068,4,32,1,0.0
66073,4,33,1,1.0
66074,2,17,1,0.0
66075,4,29,1,0.0
66076,2,19,1,0.0
66221,4,31,1,1.0
66222,4,30,1,1.0
66235,4,29,1,0.0
66236,4,30,1,1.0
66237,4,27,1,0.0
66238,4,33,1,0.0
66327,6,37,1,0.0
66328,6,37,1,0.0
66329,6,29,1,0.0
66330,6,37,1,0.0
66331,6,36,1,0.0
66332,6,38,1,1.0
66333,6,36,1,0.0
66334,6,37,1,0.0
66344,6,36,1,0.0
66416,6,38,1,0.0
66417,6,35,1,0.0
66418,6,35,1,0.0
66424,6,37,1,0.0
66425,6,35,1,0.0
66426,6,37,1,1.0
66427,6,35,1,0.0
66429,6,34,1,0.0
66430,6,26,1,0.0
66431,5,32,1,1.0
66432,6,26,1,0.0
66433,6,37,1,1.0
66434,6,38,1,1.0
66435,6,38,1,1.0
66437,6,36,1,0.0
66438,6,35,1,0.0
66439,6,37,1,0.0
66442,6,38,1,0.0
66443,6,36,1,0.0
66444,6,33,1,0.0
66447,6,34,1,0.0
66448,6,37,1,0.0
66449,6,33,1,0.0
66450,6,30,1,0.0
66451,6,32,1,0.0
66452,6,38,1,0.0
66453,6,34,1,0.0
66454,6,35,1,0.0
66455,6,37,1,1.0
66456,6,30,1,1.0
66457,6,32,1,0.0
66458,6,33,1,1.0
66459,0,29,1,1.0
66727,1,21,1,1.0
66728,1,23,1,0.0
66835,1,23,1,1.0
66836,1,20,1,0.0
66954,1,23,1,1.0
66955,1,12,1,0.0
66956,1,21,1,1.0
66957,1,23,1,0.0
66959,1,23,1,0.0
67048,0,25,1,0.0
67049,0,25,1,0.0
67050,0,25,1,1.0
67051,0,22,1,0.0
67052,0,23,1,0.0
67053,0,25,1,0.0
67054,0,23,1,0.0
67215,6,35,1,1.0
67216,6,36,1,1.0
67217,6,38,1,0.0
67229,6,35,1,0.0
67230,6,33,1,0.0
67231,6,35,1,0.0
67232,6,36,1,0.0
67233,6,35,1,0.0
67319,6,37,1,1.0
67320,6,36,1,1.0
67321,6,37,1,0.0
67322,6,37,1,0.0
67323,6,37,1,1.0
67324,6,36,1,1.0
67325,6,36,1,0.0
67326,6,33,1,1.0
67327,6,36,1,0.0
67328,6,34,1,1.0
67329,6,34,1,0.0
67330,6,36,1,1.0
67331,6,37,1,0.0
67332,6,37,1,1.0
67333,6,33,1,1.0
67334,6,36,1,1.0
67428,6,35,1,1.0
67429,6,37,1,1.0
67434,6,38,1,1.0
67435,6,37,1,1.0
67436,6,38,1,1.0
69940,0,13,1,0.0
69941,0,12,1,0.0
69942,6,33,1,0.0
69943,0,12,1,0.0
69944,0,18,1,0.0
69945,0,22,1,0.0
69946,0,25,1,0.0
69960,0,24,1,1.0
69961,0,26,1,0.0
69962,0,26,1,0.0
69965,0,25,1,0.0
69966,0,13,1,0.0
69967,0,26,1,1.0
69968,0,23,1,0.0
69975,0,23,1,0.0
69976,0,26,1,0.0
69977,0,19,1,0.0
69978,0,25,1,0.0
69979,0,21,1,0.0
90812,6,38,1,1.0
