Zone_Number,weekday,slot_30,total_obs,availability_rate
7010,4,17,2,0.0
7010,4,19,2,0.0
7010,4,20,2,0.0
7010,4,21,1,0.0
7010,4,24,1,1.0
7010,6,20,1,0.0
7014,3,19,1,0.0
7014,3,30,2,0.0
7014,3,32,1,0.0
7018,4,16,1,0.0
7018,4,24,1,1.0
7018,4,25,1,1.0
7019,2,16,1,0.0
7025,0,17,3,0.6666666666666666
7025,1,39,1,0.0
7025,1,47,2,1.0
7025,2,30,1,1.0
7025,3,21,1,0.0
7049,0,25,1,1.0
7049,0,31,1,0.0
7049,0,36,1,0.0
7049,0,42,1,0.0
7049,1,15,1,1.0
7049,1,21,1,1.0
7049,1,22,1,0.0
7049,1,23,1,0.0
7049,1,24,1,0.0
7049,1,26,1,1.0
7049,1,28,1,1.0
7049,4,46,1,0.0
7049,6,20,1,1.0
7053,0,33,1,0.0
7053,1,15,1,1.0
7053,1,20,1,0.0
7053,1,25,2,0.5
7053,1,26,2,0.5
7053,3,31,1,0.0
7053,4,36,1,0.0
7053,5,15,1,0.0
7053,5,30,1,0.0
7053,6,23,1,0.0
7053,6,42,1,0.0
7076,1,39,1,1.0
7076,3,9,1,1.0
7076,3,15,1,1.0
7076,3,17,1,1.0
7076,3,18,1,0.0
7076,3,20,1,0.0
7076,3,44,1,1.0
7076,4,16,1,0.0
7076,4,20,1,0.0
7076,4,23,1,0.0
7076,4,25,2,0.5
7076,4,26,3,0.6666666666666666
7076,4,27,4,0.0
7081,0,15,1,1.0
7081,0,21,1,1.0
7081,0,30,1,0.0
7081,4,3,1,1.0
7081,5,21,1,1.0
7084,2,35,1,1.0
7084,2,39,1,1.0
7084,2,42,1,1.0
7084,3,8,1,1.0
7084,3,18,1,1.0
7084,3,20,1,1.0
7084,3,24,2,0.5
7084,3,26,3,0.3333333333333333
7084,3,27,9,0.5555555555555556
7084,3,28,4,0.5
7084,5,44,1,1.0
7084,6,1,2,1.0
7089,2,34,1,0.0
7089,2,35,1,0.0
7089,2,37,4,0.0
7089,2,39,1,0.0
7090,1,40,1,1.0
7096,6,28,1,0.0
7096,6,32,1,0.0
7096,6,36,1,0.0
7156,6,25,1,0.0
7156,6,29,1,0.0
7156,6,32,1,0.0
7156,6,33,2,0.5
7156,6,36,1,0.0
7156,6,37,1,1.0
7159,1,36,1,0.0
7159,1,42,1,1.0
7159,1,44,1,1.0
7159,1,45,2,1.0
7159,5,18,1,1.0
7160,6,17,1,0.0
7160,6,23,1,0.0
7160,6,33,1,0.0
7160,6,36,1,0.0
7161,1,34,1,0.0
7161,1,35,4,0.0
7161,1,36,1,0.0
7161,1,39,1,0.0
7161,1,42,1,0.0
7161,1,43,1,1.0
7161,1,44,1,1.0
7161,1,45,4,0.75
7161,1,46,1,1.0
7163,1,45,1,1.0
7163,2,23,1,0.0
7163,2,24,1,0.0
7163,2,25,1,0.0
7163,2,27,1,0.0
7163,2,28,1,0.0
7163,2,29,7,0.42857142857142855
7163,2,30,3,0.0
7163,2,31,1,1.0
7163,2,32,5,0.4
7163,6,41,1,1.0
7163,6,44,2,0.5
7165,2,20,1,1.0
7165,2,25,2,0.0
7165,2,26,1,0.0
7165,2,30,1,0.0
7165,2,31,1,0.0
7165,2,32,2,0.5
7167,0,15,1,1.0
7167,1,21,1,0.0
7167,3,39,1,1.0
7167,5,46,1,1.0
7167,5,47,1,0.0
7167,6,24,1,1.0
7167,6,30,1,1.0
7167,6,31,3,0.6666666666666666
7167,6,32,2,1.0
7167,6,33,2,0.5
7167,6,37,1,0.0
7170,6,33,1,0.0
7170,6,36,2,0.0
7170,6,37,1,1.0
7173,0,31,1,1.0
7173,0,34,1,1.0
7173,2,34,1,1.0
7173,4,28,1,1.0
7173,5,23,1,1.0
7173,5,45,1,1.0
7173,6,5,1,1.0
7173,6,21,1,1.0
7173,6,23,1,0.0
7173,6,24,1,0.0
7173,6,27,1,1.0
7173,6,28,3,0.3333333333333333
7173,6,29,3,1.0
7173,6,33,3,0.3333333333333333
7173,6,34,2,0.5
7173,6,35,1,1.0
7173,6,36,3,0.3333333333333333
7173,6,37,3,0.6666666666666666
7178,1,28,1,1.0
7178,5,33,1,0.0
7178,5,35,1,0.0
7178,6,21,1,0.0
7178,6,23,1,0.0
7178,6,25,1,0.0
7178,6,27,1,0.0
7178,6,29,1,0.0
7178,6,30,3,0.6666666666666666
7178,6,31,3,0.0
7178,6,32,5,0.0
7178,6,33,6,0.16666666666666666
7178,6,34,7,0.2857142857142857
7178,6,35,1,0.0
7178,6,36,5,0.2
7178,6,37,1,0.0
7182,6,31,1,0.0
7182,6,34,2,0.0
7183,1,40,1,0.0
7183,1,44,2,1.0
7183,1,45,2,1.0
7183,1,46,1,1.0
7183,2,27,1,0.0
7183,2,31,1,1.0
7183,2,32,1,1.0
7184,2,6,1,1.0
7184,2,22,1,0.0
7184,2,25,3,0.0
7184,2,31,1,1.0
7184,2,32,2,0.5
7184,3,37,1,1.0
7185,5,44,1,1.0
7185,6,28,1,1.0
7185,6,34,1,1.0
7186,0,5,1,0.0
7186,6,23,1,0.0
7186,6,29,2,0.5
7186,6,30,2,0.5
7186,6,31,1,0.0
7186,6,32,1,0.0
7186,6,33,1,0.0
7186,6,34,1,0.0
7186,6,35,2,0.0
7186,6,36,7,0.8571428571428571
7186,6,37,2,0.5
7188,3,3,1,1.0
7188,5,39,1,1.0
7188,6,18,1,1.0
7188,6,20,1,1.0
7188,6,26,1,0.0
7188,6,29,1,0.0
7188,6,31,1,0.0
7188,6,32,2,0.0
7188,6,33,2,0.5
7188,6,34,1,0.0
7188,6,35,2,0.0
7188,6,36,1,0.0
7189,6,37,2,0.0
7189,6,38,1,1.0
7190,3,19,2,0.0
7190,3,22,1,1.0
7190,6,34,1,0.0
7190,6,35,3,0.0
7190,6,36,1,0.0
7190,6,37,5,0.4
7190,6,38,2,0.5
7191,6,30,1,0.0
7191,6,35,2,0.0
7191,6,37,1,0.0
7193,6,32,1,0.0
7193,6,35,1,0.0
7193,6,37,3,0.0
7194,6,36,1,0.0
7194,6,37,2,0.0
7195,6,3,1,0.0
7195,6,27,1,0.0
7195,6,31,1,0.0
7195,6,35,2,0.0
7195,6,37,3,0.0
7197,0,21,1,1.0
7197,0,30,1,1.0
7197,0,46,1,1.0
7197,1,18,1,1.0
7197,1,20,2,0.0
7197,1,23,1,1.0
7197,5,45,1,1.0
7197,6,17,1,1.0
7197,6,22,1,1.0
7197,6,27,2,1.0
7197,6,28,1,1.0
7197,6,29,1,1.0
7197,6,30,1,1.0
7197,6,32,1,1.0
7197,6,33,1,1.0
7197,6,35,1,0.0
7197,6,37,2,1.0
7200,1,42,1,0.0
7200,1,45,1,1.0
7202,0,22,1,1.0
7202,1,41,1,1.0
7202,1,46,1,1.0
7202,2,0,1,1.0
7202,2,2,1,1.0
7202,2,16,1,0.0
7202,2,19,2,0.5
7202,2,20,1,1.0
7202,2,22,2,0.5
7202,2,25,1,0.0
7202,2,27,2,0.5
7202,2,30,1,1.0
7202,2,31,1,0.0
7202,3,29,1,1.0
7202,4,38,1,1.0
7202,4,45,1,1.0
7202,5,34,1,1.0
7202,5,39,1,1.0
7202,6,36,1,1.0
7203,6,38,1,1.0
7205,1,30,1,0.0
7205,1,31,2,0.5
7205,6,37,1,0.0
7207,5,45,1,0.0
7207,6,22,1,1.0
7207,6,33,1,1.0
7207,6,35,2,0.5
7208,2,18,1,1.0
7208,5,30,1,1.0
7208,5,44,2,1.0
7208,6,22,1,1.0
7208,6,27,1,0.0
7208,6,34,1,1.0
7210,6,32,1,1.0
7210,6,34,1,0.0
7210,6,35,3,0.0
7210,6,37,5,0.0
7212,5,16,1,0.0
7212,6,20,1,0.0
7212,6,25,1,0.0
7212,6,27,1,0.0
7212,6,35,1,1.0
7213,0,23,1,1.0
7213,0,30,1,1.0
7213,4,38,1,0.0
7213,4,42,1,0.0
7213,5,43,1,1.0
7213,6,35,1,1.0
7213,6,36,3,0.3333333333333333
7214,2,12,1,1.0
7214,5,31,1,0.0
7214,5,44,2,1.0
7214,6,27,1,1.0
7214,6,28,1,1.0
7214,6,31,1,1.0
7214,6,32,3,1.0
7214,6,33,3,0.3333333333333333
7218,0,20,1,0.0
7218,0,24,2,0.0
7218,0,25,3,0.6666666666666666
7218,0,26,1,1.0
7218,2,35,1,1.0
7218,4,15,1,0.0
7219,0,12,1,0.0
7219,0,13,1,0.0
7219,0,18,1,0.0
7219,0,19,1,0.0
7219,0,22,1,0.0
7219,0,23,2,0.0
7219,0,25,3,0.0
7219,0,26,2,0.5
7219,6,33,1,0.0
7220,6,30,1,0.0
7220,6,31,1,0.0
7220,6,32,1,0.0
7220,6,35,4,0.0
7220,6,36,2,0.0
7220,6,37,1,0.0
7222,4,22,1,1.0
7222,5,27,1,1.0
7222,6,29,1,1.0
7223,0,26,2,0.0
7226,6,31,2,0.0
7226,6,33,2,0.0
7226,6,34,1,0.0
7226,6,35,2,0.0
7226,6,36,2,0.0
7226,6,37,3,0.0
7227,1,17,1,0.0
7227,1,41,1,1.0
7227,1,46,1,1.0
7228,1,36,1,0.0
7228,1,43,1,0.0
7228,1,44,2,1.0
7228,1,46,3,1.0
7229,0,35,1,0.0
7229,0,39,1,1.0
7229,1,34,1,1.0
7229,1,42,1,1.0
7230,1,39,1,0.0
7230,1,44,1,1.0
7231,0,30,2,0.5
7231,1,45,1,0.0
7231,4,35,1,0.0
7231,4,41,1,0.0
7232,6,31,2,0.0
7232,6,34,1,1.0
7232,6,35,3,0.0
7232,6,36,1,1.0
7232,6,37,1,0.0
7232,6,38,1,0.0
7234,6,33,1,1.0
7234,6,34,1,1.0
7234,6,35,1,1.0
7234,6,37,1,1.0
7236,5,43,1,0.0
7236,6,13,1,0.0
7236,6,30,2,0.0
7236,6,31,2,0.0
7236,6,32,1,0.0
7236,6,33,2,0.0
7236,6,34,1,0.0
7236,6,35,5,0.0
7236,6,36,4,0.25
7236,6,37,4,0.5
7236,6,38,1,1.0
7237,6,13,1,0.0
7237,6,33,1,1.0
7237,6,36,1,1.0
7237,6,37,2,1.0
7237,6,38,2,0.0
7239,6,23,1,0.0
7239,6,30,1,1.0
7239,6,31,2,0.0
7239,6,33,1,0.0
7239,6,34,1,0.0
7239,6,35,5,0.4
7239,6,36,12,0.75
7239,6,37,4,0.5
7239,6,38,1,0.0
7241,6,31,1,0.0
7241,6,33,2,0.0
7241,6,36,2,0.5
7243,6,32,1,0.0
7243,6,36,1,1.0
7243,6,37,1,0.0
7243,6,38,1,1.0
7243,6,39,2,1.0
7243,6,43,1,1.0
7244,6,30,1,0.0
7245,1,17,1,1.0
7245,2,23,1,1.0
7245,3,34,1,1.0
7245,3,45,1,1.0
7245,4,17,1,1.0
7245,4,32,1,1.0
7245,6,30,1,1.0
7245,6,31,2,0.0
7245,6,32,1,0.0
7245,6,33,1,0.0
7245,6,34,2,0.5
7245,6,36,1,0.0
7245,6,37,3,0.3333333333333333
7246,2,19,1,0.0
7246,5,27,1,1.0
7246,5,30,1,0.0
7246,5,31,1,0.0
7246,5,46,1,0.0
7246,6,5,1,0.0
7246,6,18,1,0.0
7246,6,25,3,0.6666666666666666
7246,6,27,1,0.0
7246,6,29,1,1.0
7246,6,32,1,1.0
7246,6,33,3,1.0
7246,6,36,1,1.0
7246,6,37,2,0.5
7246,6,39,1,1.0
7246,6,40,2,1.0
7246,6,44,1,1.0
7246,6,46,2,0.5
7247,1,28,1,1.0
7247,1,29,1,1.0
7247,6,27,1,0.0
7247,6,29,1,0.0
7247,6,30,1,0.0
7247,6,33,6,0.16666666666666666
7247,6,34,5,0.4
7247,6,35,12,0.0
7247,6,36,2,0.0
7247,6,37,1,1.0
7247,6,38,1,1.0
7250,0,0,1,1.0
7250,2,22,1,1.0
7250,2,39,1,0.0
7250,5,34,1,0.0
7250,6,21,1,0.0
7250,6,29,1,0.0
7250,6,34,1,1.0
7250,6,35,2,0.5
7250,6,36,5,1.0
7250,6,37,6,1.0
7250,6,38,5,1.0
7250,6,39,5,1.0
7250,6,40,3,1.0
7250,6,41,1,0.0
7250,6,42,8,0.875
7250,6,43,9,0.8888888888888888
7250,6,44,13,1.0
7250,6,45,6,0.8333333333333334
7250,6,46,4,0.5
7250,6,47,2,1.0
7251,5,33,1,0.0
7251,6,31,1,0.0
7251,6,33,1,0.0
7251,6,34,2,0.0
7251,6,35,4,0.75
7251,6,36,5,1.0
7251,6,37,3,1.0
7251,6,38,2,1.0
7252,3,35,1,0.0
7252,6,36,3,0.6666666666666666
7252,6,37,2,0.5
7252,6,38,1,1.0
7253,6,13,1,0.0
7253,6,21,1,0.0
7253,6,31,2,0.0
7253,6,32,4,0.0
7253,6,33,1,0.0
7253,6,34,1,0.0
7253,6,35,2,0.0
7253,6,36,1,0.0
7253,6,37,2,0.0
7254,6,26,1,0.0
7254,6,30,1,0.0
7254,6,35,2,0.0
7254,6,37,1,1.0
7255,4,33,1,0.0
7255,5,31,1,1.0
7255,6,28,1,1.0
7255,6,29,1,0.0
7255,6,30,3,1.0
7255,6,32,1,1.0
7255,6,34,1,1.0
7255,6,36,9,1.0
7255,6,37,2,1.0
7255,6,38,1,1.0
7255,6,44,1,1.0
7255,6,45,1,0.0
7255,6,46,1,1.0
7255,6,47,1,1.0
7258,0,37,1,1.0
7258,2,20,1,1.0
7258,5,42,1,0.0
7258,6,31,2,0.0
7258,6,32,4,0.0
7258,6,34,3,0.3333333333333333
7258,6,36,5,0.4
7258,6,37,7,1.0
7259,6,35,1,1.0
7259,6,36,5,0.2
7260,3,19,1,0.0
7260,5,35,1,0.0
7260,6,27,1,1.0
7260,6,34,1,0.0
7261,6,31,2,0.0
7261,6,33,1,0.0
7261,6,35,3,0.0
7261,6,37,1,0.0
7264,6,34,1,1.0
7264,6,35,2,0.5
7264,6,36,4,0.75
7265,0,36,1,1.0
7265,1,15,1,0.0
7265,1,20,1,0.0
7265,1,21,2,0.0
7265,1,22,2,0.0
7265,1,23,4,0.0
7265,5,0,1,1.0
7265,6,24,1,0.0
7265,6,33,1,0.0
7265,6,35,1,0.0
7265,6,36,1,0.0
7265,6,38,1,0.0
7266,1,22,1,0.0
7266,1,42,1,1.0
7267,5,40,1,1.0
7267,5,43,1,0.0
7267,6,18,1,1.0
7267,6,19,1,1.0
7267,6,24,1,1.0
7269,6,25,1,0.0
7269,6,32,1,0.0
7269,6,33,3,0.0
7269,6,34,3,0.0
7269,6,35,1,0.0
7269,6,36,3,0.0
7269,6,37,1,0.0
7270,2,43,1,0.0
7270,6,11,1,0.0
7270,6,22,1,0.0
7270,6,37,2,1.0
7270,6,38,3,0.3333333333333333
7270,6,39,2,0.5
7270,6,40,2,0.0
7270,6,41,1,1.0
7270,6,43,1,0.0
7271,1,27,1,0.0
7271,6,32,1,1.0
7271,6,33,1,1.0
7271,6,35,1,1.0
7271,6,36,2,1.0
7271,6,38,2,1.0
7273,1,33,1,1.0
7273,6,29,1,1.0
7273,6,31,1,1.0
7273,6,32,4,1.0
7273,6,33,2,0.5
7273,6,34,3,1.0
7273,6,37,2,0.5
7274,6,34,1,1.0
7274,6,36,1,1.0
7275,6,32,1,1.0
7275,6,35,1,1.0
7275,6,37,1,1.0
7278,6,30,1,0.0
7278,6,31,1,0.0
7278,6,32,1,0.0
7278,6,33,3,0.3333333333333333
7278,6,34,4,0.5
7278,6,35,1,0.0
7278,6,36,6,0.16666666666666666
7278,6,37,8,0.25
7278,6,38,1,1.0
7280,6,31,1,0.0
7280,6,33,1,0.0
7280,6,34,2,0.0
7280,6,35,2,0.0
7280,6,36,4,0.0
7282,1,13,1,1.0
7297,2,13,4,0.0
7297,2,14,1,0.0
7297,2,23,1,0.0
7297,2,27,1,0.0
7297,2,28,1,0.0
7297,2,29,2,0.5
7297,2,35,1,1.0
7301,0,38,1,0.0
7301,2,20,1,0.0
7301,2,21,1,1.0
7301,3,35,1,1.0
7301,4,17,1,1.0
7301,6,23,1,0.0
7301,6,32,1,0.0
7301,6,33,1,0.0
7301,6,35,1,0.0
7301,6,36,3,1.0
7301,6,37,1,1.0
7302,5,38,1,0.0
7302,6,32,3,1.0
7302,6,33,3,0.6666666666666666
7302,6,34,5,1.0
7302,6,35,1,1.0
7302,6,36,8,1.0
7302,6,37,1,1.0
7302,6,38,1,0.0
7302,6,41,2,0.5
7303,1,20,1,0.0
7303,1,22,2,0.5
7320,6,10,1,0.0
7320,6,33,1,0.0
7320,6,34,1,0.0
7320,6,35,3,0.0
7320,6,36,2,0.0
7320,6,37,5,0.4
7329,6,32,1,0.0
7329,6,34,1,1.0
7329,6,35,1,0.0
7329,6,37,2,0.0
7331,5,43,1,0.0
7331,6,33,1,0.0
7331,6,34,1,1.0
7332,6,34,1,0.0
7332,6,35,1,0.0
7332,6,38,1,0.0
7333,1,30,1,0.0
7333,6,34,2,0.0
7333,6,35,1,0.0
7333,6,36,6,0.0
7333,6,37,1,1.0
7334,1,31,1,0.0
7334,6,30,1,0.0
7334,6,35,3,0.0
7334,6,36,2,0.5
7334,6,38,1,1.0
7335,1,19,1,0.0
7335,6,27,1,1.0
7335,6,36,1,0.0
7335,6,37,1,0.0
7335,6,38,1,1.0
7336,6,35,2,1.0
7336,6,36,1,1.0
7336,6,37,1,1.0
7336,6,38,1,0.0
7339,1,28,1,1.0
7339,6,35,2,0.5
7339,6,37,3,0.6666666666666666
7340,6,36,2,1.0
7340,6,37,2,0.0
7340,6,38,1,0.0
7343,6,15,1,1.0
7343,6,34,1,0.0
7343,6,35,4,0.0
7343,6,36,2,0.0
7343,6,38,2,1.0
7344,0,44,1,1.0
7344,0,45,1,1.0
7344,6,26,1,1.0
7344,6,31,1,1.0
7344,6,35,4,0.5
7344,6,36,3,1.0
7345,0,31,1,1.0
7345,1,22,1,1.0
7345,1,24,1,1.0
7345,1,27,1,1.0
7345,1,28,1,0.0
7345,2,35,1,1.0
7345,3,27,1,1.0
7345,4,35,1,0.0
7345,5,40,1,0.0
7345,6,7,1,0.0
7345,6,9,1,0.0
7345,6,35,1,0.0
7345,6,37,3,0.6666666666666666
7345,6,38,2,0.0
7347,6,31,2,0.5
7347,6,34,2,1.0
7348,4,32,1,0.0
7348,5,23,1,0.0
7348,5,37,1,0.0
7348,6,20,1,1.0
7348,6,22,2,1.0
7348,6,23,1,1.0
7348,6,24,1,1.0
7348,6,25,1,1.0
7348,6,27,3,0.6666666666666666
7348,6,29,1,1.0
7348,6,32,2,1.0
7348,6,33,2,0.5
7348,6,34,3,0.6666666666666666
7348,6,36,2,1.0
7348,6,37,2,0.0
7348,6,38,5,0.2
7350,6,34,1,1.0
7350,6,35,3,1.0
7350,6,37,2,0.5
7354,1,40,1,1.0
7354,3,26,1,1.0
7354,6,35,2,1.0
7354,6,37,1,1.0
7355,1,46,1,0.0
7355,6,32,1,1.0
7355,6,35,1,0.0
7355,6,36,4,0.75
7355,6,37,3,0.3333333333333333
7356,5,43,1,0.0
7356,6,34,3,0.3333333333333333
7356,6,36,1,1.0
7356,6,37,4,0.0
7357,6,30,1,0.0
7357,6,36,1,1.0
7357,6,38,1,0.0
7358,4,43,1,1.0
7358,6,33,1,0.0
7358,6,34,1,0.0
7358,6,36,1,0.0
7358,6,37,2,0.0
7359,6,34,3,0.0
7359,6,35,7,0.0
7359,6,36,4,0.0
7359,6,37,7,0.0
7359,6,38,2,0.0
7360,6,35,1,0.0
7360,6,36,1,0.0
7360,6,37,2,0.0
7360,6,38,1,0.0
7362,2,18,1,1.0
7362,3,34,1,1.0
7362,6,32,1,1.0
7362,6,34,2,0.0
7362,6,35,2,0.0
7362,6,36,2,1.0
7362,6,37,5,0.6
7362,6,38,4,0.75
7363,6,28,1,0.0
7363,6,34,1,0.0
7363,6,35,1,0.0
7365,6,31,1,0.0
7365,6,35,2,0.5
7365,6,36,3,0.3333333333333333
7365,6,37,2,1.0
7365,6,38,2,0.5
7366,6,33,1,0.0
7366,6,34,1,0.0
7366,6,35,1,0.0
7366,6,36,2,0.0
7366,6,37,5,0.4
7366,6,38,1,1.0
7368,6,29,1,0.0
7368,6,37,1,1.0
7377,0,19,1,0.0
7377,6,27,1,0.0
7377,6,37,2,0.0
7377,6,38,1,1.0
7379,6,35,1,0.0
7379,6,37,3,0.0
7389,6,37,2,0.5
7389,6,38,2,0.0
7389,6,47,1,1.0
7392,0,40,1,1.0
7392,1,14,1,1.0
7392,2,24,1,1.0
7392,2,28,3,1.0
7392,2,29,1,1.0
7392,2,38,1,1.0
7392,3,13,1,1.0
7392,3,15,1,1.0
7392,5,45,1,1.0
7392,6,26,1,1.0
7392,6,35,1,1.0
7392,6,42,1,1.0
7394,2,20,1,0.0
7394,2,21,4,0.25
7394,2,27,1,0.0
7394,5,28,1,1.0
7394,6,28,1,1.0
7394,6,36,1,1.0
7394,6,42,1,1.0
7396,6,16,1,1.0
7396,6,22,1,1.0
7396,6,36,1,1.0
7399,6,36,3,0.0
7400,6,34,1,0.0
7400,6,35,2,0.0
7400,6,37,1,0.0
7400,6,38,1,0.0
7401,6,34,1,0.0
7401,6,35,1,0.0
7401,6,37,1,0.0
7402,1,38,1,0.0
7402,6,34,1,0.0
7402,6,36,1,0.0
7402,6,37,3,0.0
7406,6,34,2,0.0
7406,6,35,1,0.0
7406,6,36,8,0.0
7406,6,37,3,0.0
7406,6,38,3,0.3333333333333333
7411,6,35,2,0.0
7411,6,37,2,0.0
7412,3,37,1,1.0
7412,6,3,1,0.0
7412,6,31,1,0.0
7412,6,33,1,0.0
7412,6,37,1,0.0
7413,6,36,1,0.0
7413,6,37,2,0.5
7415,6,30,1,0.0
7415,6,35,2,0.5
7416,6,31,1,0.0
7416,6,36,2,0.0
7416,6,37,3,0.0
7417,6,27,1,1.0
7417,6,32,1,1.0
7417,6,35,1,0.0
7417,6,36,3,0.6666666666666666
7417,6,37,3,0.0
7417,6,38,1,0.0
7418,5,21,1,1.0
7418,6,34,1,0.0
7418,6,36,3,0.6666666666666666
7418,6,37,5,0.2
7423,3,43,1,1.0
7423,6,35,1,0.0
7423,6,36,1,1.0
7423,6,37,2,0.5
7423,6,38,2,1.0
7425,6,37,3,0.6666666666666666
7428,6,36,1,0.0
7428,6,37,1,1.0
7431,2,30,1,1.0
7434,4,0,1,1.0
7434,6,27,1,0.0
7434,6,35,1,1.0
7434,6,37,3,0.0
7434,6,38,1,1.0
7436,5,27,1,1.0
7436,6,36,2,0.5
7436,6,37,5,0.4
7438,5,35,1,0.0
7438,6,32,1,0.0
7438,6,35,2,0.0
7438,6,36,1,0.0
7438,6,37,5,0.2
7446,6,36,1,0.0
7446,6,37,1,0.0
7450,1,24,1,1.0
7450,5,32,1,0.0
7450,6,31,1,0.0
7450,6,37,2,0.0
7451,6,36,1,1.0
7451,6,37,5,0.0
7451,6,38,1,1.0
7452,5,40,1,1.0
7452,5,45,1,1.0
7452,6,35,2,0.0
7452,6,36,1,0.0
7454,6,32,1,0.0
7454,6,35,1,0.0
7454,6,37,2,0.0
7455,5,21,1,1.0
7455,6,30,1,0.0
7455,6,36,1,1.0
7455,6,37,1,1.0
7455,6,38,1,1.0
7457,6,34,2,0.0
7457,6,35,2,0.0
7458,2,27,1,0.0
7458,2,30,1,0.0
7458,6,32,1,0.0
7458,6,38,1,0.0
7459,2,30,1,0.0
7459,6,36,2,1.0
7474,6,17,1,1.0
7474,6,32,2,1.0
7474,6,34,2,1.0
7474,6,35,1,1.0
7474,6,36,3,1.0
7474,6,37,2,0.5
7476,6,34,1,1.0
7476,6,35,1,0.0
7478,6,35,1,1.0
7478,6,36,1,1.0
7478,6,38,1,0.0
7479,6,13,1,0.0
7479,6,35,1,0.0
7479,6,37,1,0.0
7480,3,32,1,1.0
7480,3,33,1,1.0
7485,3,31,1,1.0
7485,6,33,1,1.0
7485,6,34,1,0.0
7485,6,35,3,1.0
7485,6,36,2,0.0
7485,6,37,5,0.8
7485,6,38,1,1.0
7486,6,30,1,0.0
7486,6,35,1,0.0
7486,6,37,3,0.6666666666666666
7487,6,35,1,0.0
7487,6,36,2,0.5
7488,6,36,2,0.5
7488,6,37,1,1.0
7494,0,25,3,0.3333333333333333
7495,0,22,1,0.0
7495,0,23,2,0.0
7495,0,25,1,0.0
7497,1,20,1,0.0
7497,1,23,1,1.0
7498,6,33,1,1.0
7498,6,34,2,0.5
7498,6,36,4,0.5
7498,6,37,4,0.25
7500,6,35,2,0.0
7500,6,36,1,0.0
7502,1,12,1,0.0
7502,1,21,1,1.0
7502,1,23,2,0.5
7503,6,33,1,0.0
7503,6,35,2,0.5
7503,6,36,1,1.0
7503,6,38,1,0.0
7505,6,35,1,0.0
7505,6,36,1,0.0
7505,6,37,2,0.0
7506,3,19,1,0.0
7506,3,20,3,0.0
7506,4,5,1,1.0
7506,4,7,1,1.0
7506,6,34,1,1.0
7506,6,36,1,1.0
7506,6,38,1,1.0
7507,6,34,1,0.0
7507,6,35,1,0.0
7507,6,36,2,0.0
7507,6,37,3,0.0
7508,6,35,1,0.0
7508,6,37,1,0.0
7509,1,21,1,1.0
7509,1,23,1,0.0
7510,6,35,2,0.0
7510,6,36,2,0.0
7510,6,37,2,0.0
7512,6,30,1,0.0
7512,6,32,1,0.0
7512,6,35,1,0.0
7512,6,37,2,0.0
7514,6,30,1,0.0
7514,6,35,1,1.0
7514,6,36,3,0.0
7514,6,37,4,0.0
7514,6,38,2,0.5
7519,6,37,1,1.0
7520,1,35,1,1.0
7520,2,15,1,1.0
7520,2,21,2,1.0
7520,2,28,1,1.0
7520,3,27,1,1.0
7520,4,42,1,1.0
7522,6,36,2,0.0
7522,6,37,1,0.0
7527,6,33,1,0.0
7527,6,35,1,1.0
7527,6,36,1,1.0
7527,6,37,3,0.3333333333333333
7527,6,38,1,1.0
7528,1,38,1,1.0
7528,6,28,1,0.0
7528,6,33,2,0.5
7528,6,34,2,0.0
7528,6,35,2,1.0
7528,6,37,1,0.0
7529,1,22,1,1.0
7529,6,35,4,0.0
7529,6,36,2,0.0
7532,6,34,2,1.0
7532,6,35,2,0.5
7532,6,36,1,1.0
7532,6,37,4,0.5
7533,6,33,1,0.0
7533,6,36,2,0.0
7533,6,37,1,0.0
7533,6,38,1,0.0
7534,2,35,2,0.5
7534,6,33,1,1.0
7534,6,35,2,0.5
7534,6,36,2,0.5
7534,6,37,4,0.25
7534,6,38,1,0.0
7536,6,35,1,0.0
7536,6,37,1,0.0
7537,3,13,1,0.0
7537,3,14,1,0.0
7537,3,17,1,0.0
7537,3,18,2,0.0
7537,3,19,3,0.0
7537,3,20,3,0.3333333333333333
7537,3,28,1,1.0
7537,4,3,2,1.0
7537,4,4,1,1.0
7537,4,5,1,1.0
7537,6,34,1,0.0
7537,6,35,3,0.6666666666666666
7537,6,36,1,1.0
7538,6,27,1,1.0
7538,6,29,1,0.0
7538,6,30,1,0.0
7538,6,31,1,1.0
7538,6,32,1,0.0
7538,6,33,1,0.0
7538,6,34,3,0.3333333333333333
7538,6,35,1,0.0
7538,6,37,1,0.0
7539,4,27,1,0.0
7539,4,29,1,0.0
7539,4,30,2,1.0
7539,4,31,1,1.0
7539,4,33,1,0.0
7541,6,36,2,0.0
7541,6,37,2,0.0
7541,6,38,1,0.0
7542,6,29,1,0.0
7542,6,36,2,0.0
7542,6,37,3,0.0
7542,6,38,1,1.0
7545,6,37,1,0.0
7547,5,32,1,1.0
7547,6,26,2,0.0
7547,6,30,2,0.5
7547,6,32,2,0.0
7547,6,33,2,0.0
7547,6,34,3,0.0
7547,6,35,5,0.0
7547,6,36,1,0.0
7547,6,37,4,0.5
7547,6,38,3,0.0
7548,6,28,1,1.0
7548,6,29,2,1.0
7548,6,30,3,1.0
7548,6,33,1,0.0
7548,6,36,1,0.0
7548,6,37,2,0.0
7548,6,38,1,1.0
7549,2,17,5,0.4
7549,2,18,9,0.3333333333333333
7549,2,19,1,0.0
7549,4,16,1,0.0
7549,4,29,3,0.0
7549,4,30,1,0.0
7549,4,31,1,1.0
7549,4,32,1,0.0
7550,2,17,2,0.5
7550,2,18,3,0.0
7550,2,19,1,0.0
7550,4,29,1,0.0
7550,4,32,1,1.0
7550,4,33,3,1.0
7551,6,30,1,0.0
7551,6,32,1,0.0
7551,6,34,1,0.0
7551,6,35,5,0.0
7551,6,36,1,0.0
7551,6,37,9,0.0
7551,6,38,3,0.0
7551,6,39,1,0.0
7552,0,29,1,1.0
7552,6,33,1,1.0
7552,6,35,1,0.0
7552,6,36,1,0.0
7552,6,37,2,0.5
7552,6,38,2,1.0
7553,6,35,1,0.0
7553,6,37,1,0.0
7553,6,38,1,1.0
7554,6,35,1,0.0
7554,6,36,1,0.0
7554,6,37,1,0.0
7556,5,19,1,0.0
7556,5,47,1,0.0
7556,6,34,2,0.0
7556,6,35,4,0.0
7556,6,36,8,0.0
7556,6,37,16,0.125
7556,6,38,1,0.0
7557,6,31,1,0.0
7557,6,34,1,0.0
7557,6,36,1,0.0
7557,6,37,3,0.0
7558,6,30,2,0.5
7558,6,34,1,0.0
7558,6,35,1,0.0
7558,6,36,1,0.0
7558,6,37,2,0.0
7559,1,41,1,1.0
7559,6,30,3,1.0
7559,6,31,1,1.0
7559,6,35,1,0.0
7560,1,45,1,1.0
7560,6,34,2,0.0
7560,6,35,1,0.0
7560,6,37,1,0.0
7561,6,32,1,1.0
7561,6,34,1,1.0
7561,6,35,2,1.0
7561,6,36,2,1.0
7561,6,37,2,0.0
7563,5,39,1,1.0
7563,6,28,2,1.0
7563,6,36,2,0.5
7563,6,37,3,0.3333333333333333
7566,0,31,2,0.5
7566,0,32,6,1.0
7566,0,33,5,1.0
7566,0,34,5,0.8
7566,0,35,7,0.7142857142857143
7566,0,36,6,0.3333333333333333
7566,0,37,9,0.4444444444444444
7566,0,38,5,0.2
7566,0,39,1,0.0
7566,1,23,1,1.0
7566,3,23,1,1.0
7568,3,27,1,0.0
7568,6,35,2,0.0
7568,6,37,3,0.0
7569,6,35,1,0.0
7569,6,36,3,0.0
7569,6,37,3,0.0
7570,6,22,1,0.0
7570,6,32,1,0.0
7570,6,33,1,0.0
7570,6,34,2,0.0
7570,6,35,11,0.18181818181818182
7570,6,36,6,0.0
7570,6,37,13,0.15384615384615385
7570,6,38,2,0.5
7571,0,20,1,0.0
7571,0,22,1,0.0
7571,0,25,1,0.0
7571,0,30,1,0.0
7571,0,32,1,0.0
7571,0,33,1,1.0
7571,0,34,3,0.0
7571,0,35,1,0.0
7571,0,36,8,0.0
7571,0,37,2,0.0
7571,0,38,8,0.375
7571,0,39,5,0.6
7571,5,23,1,1.0
7572,6,35,1,0.0
7572,6,36,1,0.0
7572,6,37,2,0.5
7575,0,32,1,1.0
7575,0,36,2,0.5
7575,0,39,2,1.0
7576,6,35,1,0.0
7576,6,37,2,0.5
7576,6,38,1,1.0
7577,0,31,1,1.0
7577,0,37,3,0.0
7577,0,38,2,0.5
7579,6,34,1,0.0
7579,6,35,2,0.0
7579,6,36,1,0.0
7584,6,13,2,0.0
7584,6,25,1,0.0
7584,6,30,2,1.0
7584,6,33,1,1.0
7584,6,34,3,1.0
7584,6,36,2,1.0
7586,2,39,1,1.0
7586,3,20,1,0.0
7586,5,44,1,0.0
7586,6,20,1,0.0
7586,6,22,1,0.0
7586,6,24,1,0.0
7586,6,30,1,0.0
7586,6,32,2,0.5
7586,6,34,2,1.0
7586,6,35,2,0.0
7586,6,36,5,0.4
7586,6,37,1,1.0
7591,6,35,1,1.0
7592,6,32,2,0.0
7592,6,33,2,1.0
7592,6,35,2,0.0
7592,6,36,3,0.3333333333333333
7592,6,37,7,0.2857142857142857
7592,6,38,7,0.8571428571428571
7593,6,35,2,0.5
7593,6,37,1,0.0
7594,6,24,1,0.0
7594,6,33,2,0.0
7594,6,35,3,0.0
7594,6,36,3,0.0
7594,6,37,6,0.0
7594,6,38,1,0.0
7595,6,32,1,0.0
7595,6,35,4,0.75
7595,6,36,1,1.0
7595,6,37,7,0.2857142857142857
7596,6,33,1,0.0
7596,6,34,2,0.5
7596,6,35,1,1.0
7596,6,36,1,1.0
7596,6,37,4,1.0
7603,6,33,2,0.0
7603,6,35,1,0.0
7603,6,36,3,0.0
7603,6,37,1,0.0
7605,4,47,1,1.0
7605,5,46,1,1.0
7605,6,34,1,0.0
7605,6,35,3,0.0
7605,6,36,8,0.0
7605,6,37,3,0.0
7606,6,37,1,0.0
7606,6,38,1,0.0
7607,6,28,1,0.0
7607,6,37,1,0.0
7607,6,38,1,0.0
7608,1,15,1,1.0
7608,6,35,1,0.0
7610,0,20,1,0.0
7610,0,24,1,0.0
7610,0,25,3,0.0
7610,0,26,2,0.0
7610,0,27,6,0.0
7610,2,24,1,1.0
7610,2,36,1,1.0
7610,3,14,1,1.0
7610,3,15,1,1.0
7610,3,37,1,1.0
7610,4,24,1,0.0
7610,4,44,1,1.0
7610,6,22,1,1.0
7610,6,28,1,1.0
7610,6,35,1,1.0
7610,6,37,1,0.0
7611,0,26,1,0.0
7611,1,25,1,1.0
7611,3,14,1,0.0
7611,6,36,1,0.0
7612,5,1,1,1.0
7612,6,34,1,0.0
7612,6,35,1,0.0
7612,6,36,1,0.0
7612,6,37,1,0.0
7614,6,32,1,0.0
7614,6,34,1,0.0
7614,6,35,3,0.0
7614,6,36,1,0.0
7614,6,37,6,0.0
7614,6,38,3,0.0
7615,4,39,1,1.0
7615,6,36,1,0.0
7621,4,0,1,1.0
7621,6,28,1,1.0
7621,6,32,1,0.0
7621,6,34,1,0.0
7621,6,36,6,0.0
7621,6,37,2,0.0
7621,6,38,1,0.0
7622,6,36,1,1.0
7622,6,38,1,1.0
7623,6,36,1,1.0
7623,6,37,2,1.0
7624,6,26,1,0.0
7624,6,34,1,1.0
7624,6,35,2,0.0
7624,6,36,3,0.0
7624,6,37,2,0.0
7624,6,38,1,1.0
7625,1,28,1,0.0
7625,1,29,1,0.0
7625,1,30,1,1.0
7625,3,19,1,0.0
7625,6,35,2,0.0
7626,1,30,2,0.5
7626,6,34,1,0.0
7626,6,35,2,0.0
7627,6,36,2,0.0
7627,6,37,2,0.0
7628,1,19,1,1.0
7628,1,28,2,0.5
7628,1,29,1,1.0
7628,6,33,1,0.0
7628,6,34,1,0.0
7628,6,36,1,0.0
7628,6,37,1,0.0
7628,6,38,1,0.0
7630,6,33,1,1.0
7630,6,34,3,0.0
7630,6,35,3,0.0
7630,6,37,2,0.0
7630,6,38,1,0.0
7631,6,23,2,0.0
7631,6,34,1,0.0
7631,6,35,1,0.0
7633,1,30,2,1.0
7633,1,31,1,0.0
7633,6,36,1,0.0
7633,6,38,1,0.0
7634,1,17,1,0.0
7634,1,28,1,0.0
7634,1,29,3,0.0
7634,1,30,5,0.2
7634,2,17,1,0.0
7634,2,33,1,0.0
7634,3,16,2,0.0
7634,3,18,3,1.0
7634,6,17,1,0.0
7634,6,35,1,0.0
7634,6,36,1,0.0
7634,6,37,1,0.0
7634,6,38,1,1.0
7635,6,36,1,0.0
7635,6,37,2,0.0
7635,6,38,1,0.0
7636,6,34,2,0.5
7636,6,35,1,0.0
7636,6,36,2,0.0
7636,6,37,3,0.0
7636,6,38,1,1.0
7637,6,35,1,0.0
7637,6,36,1,0.0
7637,6,38,1,1.0
7638,6,34,1,0.0
7638,6,35,5,0.0
7638,6,36,5,0.0
7638,6,37,6,0.16666666666666666
7639,1,21,1,0.0
7639,6,30,1,0.0
7639,6,33,1,0.0
7639,6,34,2,0.0
7639,6,35,4,0.0
7639,6,36,6,0.16666666666666666
7639,6,37,2,0.0
7639,6,38,1,0.0
7640,6,34,1,0.0
7640,6,35,1,0.0
7640,6,36,2,0.0
7640,6,37,3,0.0
7640,6,38,1,1.0
7642,0,25,1,1.0
7642,6,33,1,0.0
7642,6,34,2,0.0
7643,0,25,3,0.0
7643,6,36,1,0.0
7643,6,37,2,1.0
7644,6,33,1,0.0
7644,6,35,1,0.0
7644,6,37,1,0.0
7644,6,38,1,0.0
7645,6,33,1,0.0
7645,6,35,1,0.0
7645,6,36,2,0.0
7645,6,37,3,0.0
7645,6,38,1,1.0
7646,6,37,1,0.0
7646,6,38,2,1.0
7647,6,29,1,0.0
7647,6,34,3,0.0
7647,6,35,3,0.0
7647,6,36,5,0.0
7647,6,37,2,0.0
7648,1,44,1,1.0
7648,2,11,1,0.0
7648,4,27,1,1.0
7648,6,31,1,0.0
7648,6,34,2,1.0
7648,6,36,1,1.0
7648,6,37,1,1.0
7649,6,29,1,1.0
7649,6,31,1,1.0
7649,6,32,2,0.5
7649,6,34,1,0.0
7649,6,35,3,0.0
7649,6,36,5,0.2
7649,6,37,7,0.14285714285714285
7649,6,38,3,0.3333333333333333
7659,6,30,1,0.0
7659,6,33,2,0.0
7659,6,36,1,0.0
7660,6,34,1,0.0
7660,6,37,1,0.0
7672,6,34,1,1.0
7672,6,36,2,1.0
7674,1,27,4,0.0
7674,1,28,3,0.3333333333333333
7674,1,29,6,0.5
7674,1,31,1,0.0
7674,4,19,1,1.0
7674,6,18,1,0.0
7674,6,19,3,0.3333333333333333
7674,6,33,1,0.0
7674,6,35,1,0.0
7676,6,23,1,1.0
7676,6,38,1,0.0
7686,6,37,3,0.6666666666666666
7686,6,38,1,0.0
7689,6,33,1,0.0
7689,6,36,2,0.5
7689,6,37,1,0.0
7690,6,37,2,0.0
7690,6,38,1,0.0
7692,2,28,1,0.0
7692,2,29,1,0.0
7695,2,24,1,0.0
7695,2,27,1,0.0
7695,2,29,1,1.0
7696,6,35,1,0.0
7696,6,36,1,0.0
7696,6,38,1,0.0
7697,1,21,1,1.0
7697,6,35,1,0.0
7697,6,37,2,0.0
7697,6,38,1,0.0
7705,4,21,1,0.0
7705,6,33,1,0.0
7705,6,36,1,0.0
7705,6,37,4,0.5
7706,6,38,1,1.0
7708,4,20,1,0.0
7708,4,25,1,1.0
7708,4,36,1,0.0
7708,5,23,1,0.0
7708,5,37,1,0.0
7708,6,19,1,0.0
7708,6,25,1,1.0
7708,6,26,1,0.0
7708,6,29,1,0.0
7708,6,31,1,1.0
7708,6,32,3,0.6666666666666666
7708,6,33,1,0.0
7708,6,35,1,1.0
7708,6,36,1,1.0
7708,6,37,3,0.6666666666666666
7708,6,40,1,0.0
7708,6,45,1,0.0
7712,0,25,1,0.0
7712,0,26,3,0.3333333333333333
7712,0,28,1,0.0
7712,0,31,1,0.0
7712,3,35,1,0.0
7712,4,13,1,1.0
7712,4,14,1,1.0
7712,4,15,1,1.0
7712,4,16,1,1.0
7712,4,18,2,0.5
7712,4,19,1,0.0
7712,4,25,1,0.0
7712,5,23,1,1.0
7712,6,26,3,0.6666666666666666
7716,5,24,1,0.0
7716,6,19,1,0.0
7716,6,22,1,0.0
7716,6,28,1,0.0
7716,6,29,1,0.0
7716,6,30,1,0.0
7716,6,31,1,0.0
7716,6,32,5,0.2
7716,6,34,1,0.0
7716,6,35,3,0.0
7716,6,36,6,0.3333333333333333
7716,6,37,4,0.0
7718,1,32,1,1.0
7718,6,35,1,0.0
7719,6,12,1,1.0
7719,6,31,1,1.0
7720,5,35,1,0.0
7720,6,13,2,0.0
7720,6,14,1,0.0
7720,6,22,2,0.0
7720,6,23,1,0.0
7720,6,24,1,0.0
7720,6,27,1,0.0
7720,6,29,2,0.0
7720,6,33,1,0.0
7720,6,35,1,0.0
7720,6,36,1,1.0
7720,6,37,2,0.5
7721,0,17,1,0.0
7721,0,30,1,0.0
7721,1,36,1,0.0
7721,2,3,1,1.0
7721,3,39,1,0.0
7721,4,23,1,0.0
7721,4,25,1,0.0
7721,4,41,1,0.0
7721,5,30,1,1.0
7721,5,35,1,0.0
7721,5,39,1,0.0
7721,6,15,1,0.0
7721,6,29,1,0.0
7721,6,31,2,1.0
7721,6,32,2,1.0
7721,6,33,1,0.0
7721,6,34,1,0.0
7721,6,35,5,0.2
7721,6,36,10,0.3
7721,6,37,7,0.2857142857142857
7721,6,38,3,0.6666666666666666
7721,6,43,1,1.0
7722,6,30,2,1.0
7722,6,32,1,1.0
7722,6,35,1,0.0
7722,6,37,1,1.0
7725,1,18,1,0.0
7725,5,29,1,1.0
7725,6,10,1,1.0
7725,6,17,1,0.0
7725,6,22,1,0.0
7725,6,29,1,1.0
7725,6,31,1,1.0
7725,6,33,1,0.0
7725,6,34,4,0.0
7725,6,35,1,1.0
7725,6,36,6,0.0
7725,6,37,5,0.2
7725,6,38,3,0.0
7726,1,18,1,1.0
7726,1,44,1,0.0
7726,6,15,1,0.0
7726,6,30,1,0.0
7726,6,37,1,1.0
7727,2,29,1,1.0
7727,3,40,1,1.0
7727,6,30,2,0.0
7727,6,34,1,1.0
7727,6,37,1,1.0
7728,6,23,1,0.0
7728,6,30,1,0.0
7728,6,34,1,0.0
7728,6,35,1,1.0
7728,6,37,1,0.0
7733,6,34,1,1.0
7733,6,36,1,0.0
7733,6,37,1,0.0
7733,6,38,1,1.0
7739,1,30,1,0.0
7739,3,36,1,0.0
7739,4,37,1,0.0
7739,4,42,1,0.0
7739,5,1,1,0.0
7739,5,16,1,0.0
7739,5,24,1,0.0
7739,6,27,2,0.0
7739,6,28,1,0.0
7739,6,33,1,0.0
7739,6,34,1,0.0
7739,6,35,2,0.5
7739,6,36,3,0.0
7739,6,37,3,0.6666666666666666
7739,6,38,1,0.0
7740,4,1,1,0.0
7740,5,22,1,0.0
7740,6,33,1,0.0
7740,6,35,1,1.0
7740,6,37,1,0.0
7748,6,15,1,0.0
7748,6,21,1,0.0
7748,6,31,1,0.0
7748,6,33,2,0.5
7748,6,34,1,0.0
7748,6,35,5,0.0
7748,6,36,1,1.0
7748,6,37,4,0.0
7752,0,26,3,0.6666666666666666
7752,0,30,2,0.5
7752,3,46,1,1.0
7752,4,12,1,1.0
7752,4,15,1,1.0
7752,4,28,1,0.0
7752,6,27,1,1.0
7753,3,32,8,1.0
7753,3,33,2,1.0
7753,3,34,3,1.0
7753,3,35,2,1.0
7753,3,37,1,1.0
7753,4,36,1,1.0
7753,6,23,1,0.0
7753,6,30,1,0.0
7753,6,31,1,1.0
7753,6,33,1,0.0
7753,6,34,1,0.0
7753,6,35,2,0.5
7753,6,36,1,0.0
7753,6,37,1,1.0
7753,6,38,2,0.5
7757,5,43,1,0.0
7757,6,18,1,0.0
7757,6,25,2,0.0
7757,6,26,1,0.0
7757,6,28,1,0.0
7757,6,29,1,0.0
7757,6,34,2,0.5
7757,6,35,1,0.0
7757,6,37,4,0.0
7757,6,38,2,1.0
7762,6,37,2,0.5
7762,6,38,1,0.0
7763,6,33,1,0.0
7763,6,34,2,0.0
7763,6,36,2,0.0
7763,6,37,1,0.0
7764,6,35,1,0.0
7764,6,36,2,0.0
7764,6,37,1,0.0
7765,6,37,2,0.0
7766,1,16,1,1.0
7766,4,47,1,1.0
7766,6,28,1,0.0
7766,6,29,2,0.0
7766,6,31,1,0.0
7766,6,32,1,0.0
7766,6,33,1,0.0
7766,6,35,1,0.0
7766,6,36,4,0.0
7766,6,37,2,0.0
7767,0,27,1,1.0
7767,0,28,1,1.0
7767,0,38,2,1.0
7768,0,28,1,1.0
7768,0,29,1,0.0
7768,0,31,1,1.0
7768,0,33,1,1.0
7768,0,34,1,1.0
7768,0,35,1,1.0
7768,0,36,1,1.0
7768,0,37,1,1.0
7768,0,38,2,0.5
7769,6,35,2,0.0
7769,6,36,1,0.0
7769,6,37,1,0.0
7769,6,38,2,1.0
7770,0,23,1,0.0
7770,0,25,3,0.3333333333333333
7770,0,26,3,0.6666666666666666
7772,6,36,1,0.0
7772,6,37,1,1.0
7772,6,38,1,1.0
7779,0,21,1,0.0
7779,0,24,1,0.0
7779,0,25,1,0.0
7780,6,36,2,0.0
7780,6,38,1,0.0
7792,6,35,2,0.0
7800,0,20,1,0.0
7800,4,41,1,0.0
7800,4,42,1,0.0
7800,6,23,1,0.0
7800,6,24,1,0.0
7910,6,20,1,0.0
7910,6,31,1,0.0
7910,6,34,2,0.0
7910,6,36,5,0.0
7910,6,37,6,0.0
7910,6,38,1,0.0
7922,0,26,1,0.0
7922,0,28,1,1.0
7922,2,40,1,0.0
7922,3,38,1,0.0
7922,3,42,1,1.0
7922,4,18,1,1.0
7922,4,22,1,0.0
7922,4,26,1,1.0
7922,6,20,1,0.0
7922,6,26,1,0.0
7923,0,27,1,1.0
7923,0,28,1,1.0
7923,0,30,1,1.0
7923,1,27,1,1.0
7923,2,1,1,1.0
7923,3,38,1,1.0
7923,3,39,1,0.0
7923,3,42,1,1.0
7923,3,44,1,1.0
7923,3,45,1,1.0
7923,4,1,1,1.0
7923,4,2,1,1.0
7923,4,3,1,1.0
7923,4,15,1,1.0
7923,4,18,2,0.0
7923,4,19,2,0.0
7923,4,20,1,0.0
7923,4,21,1,0.0
7923,4,23,2,0.0
7923,4,29,2,1.0
7923,4,30,1,0.0
7923,6,18,1,0.0
7923,6,23,1,0.0
7923,6,24,3,0.0
7923,6,25,3,0.0
7923,6,26,2,0.0
7924,0,21,1,0.0
7924,0,35,1,1.0
7924,2,21,1,1.0
7924,2,22,2,0.5
7924,2,24,1,1.0
7924,3,0,1,1.0
7924,3,13,2,1.0
7924,3,15,1,1.0
7924,3,16,1,1.0
7924,3,17,2,0.5
7924,3,18,1,1.0
7924,4,19,1,0.0
7924,6,5,1,1.0
7924,6,33,1,1.0
7930,1,19,3,0.0
7930,1,20,2,0.5
7930,1,24,4,0.25
7930,1,27,1,1.0
7930,1,29,1,0.0
7936,0,17,1,0.0
7936,0,18,1,0.0
7936,0,21,1,1.0
7936,0,22,1,1.0
7938,1,29,1,1.0
7938,1,30,1,1.0
7938,1,32,1,0.0
7938,2,37,1,0.0
7938,4,16,1,1.0
7938,4,19,1,0.0
7938,6,23,1,1.0
7939,3,38,1,1.0
7939,5,43,1,1.0
7939,5,46,1,1.0
7939,5,47,1,1.0
7939,6,7,1,1.0
7939,6,22,1,1.0
7939,6,24,1,1.0
7939,6,30,1,1.0
7939,6,36,1,1.0
7939,6,39,1,1.0
7939,6,41,1,1.0
7939,6,42,1,1.0
7948,6,35,1,1.0
7948,6,37,2,1.0
7948,6,38,2,1.0
7949,6,33,1,1.0
7949,6,36,2,1.0
7949,6,37,2,1.0
7951,4,20,1,1.0
7951,6,24,1,0.0
7952,1,32,2,0.0
7952,1,45,1,1.0
7981,0,20,1,1.0
7981,5,36,1,0.0
7981,5,45,1,1.0
7981,6,21,1,0.0
7981,6,22,1,0.0
7981,6,23,1,0.0
7981,6,24,1,0.0
7981,6,27,2,1.0
7981,6,28,1,1.0
7981,6,29,3,0.6666666666666666
7981,6,30,3,0.6666666666666666
7981,6,31,1,1.0
7981,6,33,1,1.0
7981,6,34,2,0.5
7981,6,35,4,0.5
7981,6,36,3,0.3333333333333333
7981,6,37,2,1.0
7981,6,38,1,1.0
7985,0,8,1,1.0
7985,1,21,1,0.0
7985,2,18,1,1.0
7985,2,28,1,1.0
7985,3,25,1,1.0
7985,3,45,1,1.0
7985,3,46,1,1.0
7985,4,8,1,0.0
7985,4,11,1,1.0
7985,4,17,2,0.5
7985,4,19,3,0.3333333333333333
7986,1,43,1,1.0
7986,2,12,1,1.0
7986,2,18,1,1.0
7986,2,19,2,1.0
7988,3,27,1,1.0
7988,3,31,1,1.0
7988,3,34,1,1.0
7988,3,35,1,0.0
7988,3,36,1,1.0
7988,4,12,1,1.0
7988,4,17,2,1.0
7988,4,18,1,1.0
7993,0,38,1,0.0
7993,1,27,1,1.0
7993,1,30,1,1.0
7993,1,41,2,1.0
7993,1,42,1,1.0
7993,1,44,1,1.0
7993,2,10,1,1.0
7993,2,18,1,0.0
7993,2,28,1,0.0
7993,2,41,1,1.0
7993,2,44,1,1.0
7993,3,37,2,0.5
7993,3,38,1,0.0
7993,3,40,1,1.0
7993,3,42,1,0.0
7993,4,14,1,0.0
7993,4,17,2,0.5
7995,1,25,1,1.0
