Zone_Number,dow,slot_30,total_obs,unoccupied,availability_rate,Latitude,Longitude
7010,4,17,2,0,0.0,-37.8050060947,144.9602546122
7010,4,19,2,0,0.0,-37.8050060947,144.9602546122
7010,4,20,2,0,0.0,-37.8050060947,144.9602546122
7010,4,21,1,0,0.0,-37.8050060947,144.9602546122
7010,4,24,1,1,1.0,-37.8050060947,144.9602546122
7010,3,25,1,0,0.0,-37.8050060947,144.9602546122
7014,3,19,1,0,0.0,-37.8010390449,144.9626676404
7014,3,30,2,0,0.0,-37.8010390449,144.9626676404
7014,3,32,1,0,0.0,-37.8010390449,144.9626676404
7018,4,16,1,0,0.0,-37.8022611453,144.9632842893
7018,4,24,1,1,1.0,-37.8022611453,144.9632842893
7018,4,25,1,1,1.0,-37.8022611453,144.9632842893
7019,2,16,1,0,0.0,-37.8061651,144.961357
7025,0,17,3,2,0.6667,-37.8049567975,144.9621059801
7025,3,21,1,0,0.0,-37.8049567975,144.9621059801
7025,2,30,1,1,1.0,-37.8049567975,144.9621059801
7025,1,39,1,0,0.0,-37.8049567975,144.9621059801
7025,1,47,2,2,1.0,-37.8049567975,144.9621059801
7049,1,15,1,1,1.0,-37.7959348089,144.972601879
7049,6,20,1,1,1.0,-37.7959348089,144.972601879
7049,1,21,1,1,1.0,-37.7959348089,144.972601879
7049,1,22,1,0,0.0,-37.7959348089,144.972601879
7049,1,23,1,0,0.0,-37.7959348089,144.972601879
7049,1,24,1,0,0.0,-37.7959348089,144.972601879
7049,0,25,1,1,1.0,-37.7959348089,144.972601879
7049,1,26,1,1,1.0,-37.7959348089,144.972601879
7049,1,28,1,1,1.0,-37.7959348089,144.972601879
7049,0,31,1,0,0.0,-37.7959348089,144.972601879
7049,0,36,1,0,0.0,-37.7959348089,144.972601879
7049,0,42,1,0,0.0,-37.7959348089,144.972601879
7049,4,46,1,0,0.0,-37.7959348089,144.972601879
7053,1,15,1,1,1.0,-37.7942929374,144.9724203807
7053,5,15,1,0,0.0,-37.7942929374,144.9724203807
7053,1,20,1,0,0.0,-37.7942929374,144.9724203807
7053,6,23,1,0,0.0,-37.7942929374,144.9724203807
7053,1,25,2,1,0.5,-37.7942929374,144.9724203807
7053,1,26,2,1,0.5,-37.7942929374,144.9724203807
7053,5,30,1,0,0.0,-37.7942929374,144.9724203807
7053,3,31,1,0,0.0,-37.7942929374,144.9724203807
7053,0,33,1,0,0.0,-37.7942929374,144.9724203807
7053,4,36,1,0,0.0,-37.7942929374,144.9724203807
7053,6,42,1,0,0.0,-37.7942929374,144.9724203807
7076,3,9,1,1,1.0,-37.8058603661,144.9659168006
7076,3,15,1,1,1.0,-37.8058603661,144.9659168006
7076,4,16,1,0,0.0,-37.8058603661,144.9659168006
7076,3,17,1,1,1.0,-37.8058603661,144.9659168006
7076,3,18,1,0,0.0,-37.8058603661,144.9659168006
7076,3,20,1,0,0.0,-37.8058603661,144.9659168006
7076,4,20,1,0,0.0,-37.8058603661,144.9659168006
7076,4,23,1,0,0.0,-37.8058603661,144.9659168006
7076,4,25,2,1,0.5,-37.8058603661,144.9659168006
7076,4,26,3,2,0.6667,-37.8058603661,144.9659168006
7076,4,27,4,0,0.0,-37.8058603661,144.9659168006
7076,1,39,1,1,1.0,-37.8058603661,144.9659168006
7076,3,44,1,1,1.0,-37.8058603661,144.9659168006
7081,4,3,1,1,1.0,-37.8069059167,144.97324565
7081,0,15,1,1,1.0,-37.8069059167,144.97324565
7081,0,21,1,1,1.0,-37.8069059167,144.97324565
7081,5,21,1,1,1.0,-37.8069059167,144.97324565
7081,0,30,1,0,0.0,-37.8069059167,144.97324565
7084,6,1,2,2,1.0,-37.8027684787,144.9613314254
7084,3,8,1,1,1.0,-37.8027684787,144.9613314254
7084,3,18,1,1,1.0,-37.8027684787,144.9613314254
7084,3,20,1,1,1.0,-37.8027684787,144.9613314254
7084,3,24,2,1,0.5,-37.8027684787,144.9613314254
7084,3,26,3,1,0.3333,-37.8027684787,144.9613314254
7084,3,27,9,5,0.5556,-37.8027684787,144.9613314254
7084,3,28,4,2,0.5,-37.8027684787,144.9613314254
7084,2,35,1,1,1.0,-37.8027684787,144.9613314254
7084,2,39,1,1,1.0,-37.8027684787,144.9613314254
7084,2,42,1,1,1.0,-37.8027684787,144.9613314254
7084,5,44,1,1,1.0,-37.8027684787,144.9613314254
7089,2,34,1,0,0.0,-37.8027791813,144.9669058569
7089,2,35,1,0,0.0,-37.8027791813,144.9669058569
7089,2,37,4,0,0.0,-37.8027791813,144.9669058569
7089,2,39,1,0,0.0,-37.8027791813,144.9669058569
7090,1,40,1,1,1.0,-37.8059644,144.9659134
7096,3,22,1,0,0.0,-37.8450477,144.9810079667
7096,3,23,1,0,0.0,-37.8450477,144.9810079667
7096,3,25,1,1,1.0,-37.8450477,144.9810079667
7156,3,20,1,0,0.0,-37.8138181955,144.9421269091
7156,3,22,2,0,0.0,-37.8138181955,144.9421269091
7156,3,24,3,1,0.3333,-37.8138181955,144.9421269091
7156,3,25,1,0,0.0,-37.8138181955,144.9421269091
7159,5,18,1,1,1.0,-37.8193705091,144.9504116818
7159,1,36,1,0,0.0,-37.8193705091,144.9504116818
7159,1,42,1,1,1.0,-37.8193705091,144.9504116818
7159,1,44,1,1,1.0,-37.8193705091,144.9504116818
7159,1,45,2,2,1.0,-37.8193705091,144.9504116818
7160,3,21,1,0,0.0,-37.8140493,144.9412393
7160,3,22,1,0,0.0,-37.8140493,144.9412393
7160,3,24,2,0,0.0,-37.8140493,144.9412393
7161,1,34,1,0,0.0,-37.8206340565,144.9512744478
7161,1,35,4,0,0.0,-37.8206340565,144.9512744478
7161,1,36,1,0,0.0,-37.8206340565,144.9512744478
7161,1,39,1,0,0.0,-37.8206340565,144.9512744478
7161,1,42,1,0,0.0,-37.8206340565,144.9512744478
7161,1,43,1,1,1.0,-37.8206340565,144.9512744478
7161,1,44,1,1,1.0,-37.8206340565,144.9512744478
7161,1,45,4,3,0.75,-37.8206340565,144.9512744478
7161,1,46,1,1,1.0,-37.8206340565,144.9512744478
7163,2,23,1,0,0.0,-37.8194764915,144.9484948234
7163,2,24,1,0,0.0,-37.8194764915,144.9484948234
7163,2,25,1,0,0.0,-37.8194764915,144.9484948234
7163,2,27,1,0,0.0,-37.8194764915,144.9484948234
7163,2,28,1,0,0.0,-37.8194764915,144.9484948234
7163,2,29,7,3,0.4286,-37.8194764915,144.9484948234
7163,2,30,3,0,0.0,-37.8194764915,144.9484948234
7163,2,31,1,1,1.0,-37.8194764915,144.9484948234
7163,2,32,5,2,0.4,-37.8194764915,144.9484948234
7163,6,41,1,1,1.0,-37.8194764915,144.9484948234
7163,6,44,2,1,0.5,-37.8194764915,144.9484948234
7163,1,45,1,1,1.0,-37.8194764915,144.9484948234
7165,2,20,1,1,1.0,-37.8187851633,144.9475304333
7165,2,25,2,0,0.0,-37.8187851633,144.9475304333
7165,2,26,1,0,0.0,-37.8187851633,144.9475304333
7165,2,30,1,0,0.0,-37.8187851633,144.9475304333
7165,2,31,1,0,0.0,-37.8187851633,144.9475304333
7165,2,32,2,1,0.5,-37.8187851633,144.9475304333
7167,3,0,1,1,1.0,-37.820298788,144.942080076
7167,3,2,1,0,0.0,-37.820298788,144.942080076
7167,3,13,1,0,0.0,-37.820298788,144.942080076
7167,0,15,1,1,1.0,-37.820298788,144.942080076
7167,3,15,1,0,0.0,-37.820298788,144.942080076
7167,3,16,1,0,0.0,-37.820298788,144.942080076
7167,3,17,1,0,0.0,-37.820298788,144.942080076
7167,3,18,2,0,0.0,-37.820298788,144.942080076
7167,3,20,1,0,0.0,-37.820298788,144.942080076
7167,1,21,1,0,0.0,-37.820298788,144.942080076
7167,2,26,1,0,0.0,-37.820298788,144.942080076
7167,2,31,1,0,0.0,-37.820298788,144.942080076
7167,3,39,1,1,1.0,-37.820298788,144.942080076
7167,2,42,1,1,1.0,-37.820298788,144.942080076
7170,3,20,1,0,0.0,-37.819609875,144.944222925
7170,3,23,1,0,0.0,-37.819609875,144.944222925
7170,3,25,2,1,0.5,-37.819609875,144.944222925
7173,1,2,1,1,1.0,-37.8192828516,144.9455249297
7173,2,14,1,0,0.0,-37.8192828516,144.9455249297
7173,3,14,1,0,0.0,-37.8192828516,144.9455249297
7173,3,15,1,1,1.0,-37.8192828516,144.9455249297
7173,1,16,1,0,0.0,-37.8192828516,144.9455249297
7173,2,16,1,1,1.0,-37.8192828516,144.9455249297
7173,3,18,3,2,0.6667,-37.8192828516,144.9455249297
7173,2,19,1,1,1.0,-37.8192828516,144.9455249297
7173,3,21,1,1,1.0,-37.8192828516,144.9455249297
7173,3,22,4,1,0.25,-37.8192828516,144.9455249297
7173,3,24,2,0,0.0,-37.8192828516,144.9455249297
7173,2,25,1,1,1.0,-37.8192828516,144.9455249297
7173,3,25,3,1,0.3333,-37.8192828516,144.9455249297
7173,0,31,1,1,1.0,-37.8192828516,144.9455249297
7173,2,32,1,1,1.0,-37.8192828516,144.9455249297
7173,6,33,1,0,0.0,-37.8192828516,144.9455249297
7173,0,34,1,1,1.0,-37.8192828516,144.9455249297
7173,2,34,1,1,1.0,-37.8192828516,144.9455249297
7173,2,38,1,1,1.0,-37.8192828516,144.9455249297
7173,2,44,1,1,1.0,-37.8192828516,144.9455249297
7173,2,46,1,1,1.0,-37.8192828516,144.9455249297
7178,3,12,1,0,0.0,-37.819881175,144.9435501324
7178,3,14,4,0,0.0,-37.819881175,144.9435501324
7178,3,15,1,0,0.0,-37.819881175,144.9435501324
7178,3,18,2,0,0.0,-37.819881175,144.9435501324
7178,3,19,3,0,0.0,-37.819881175,144.9435501324
7178,3,20,3,1,0.3333,-37.819881175,144.9435501324
7178,3,21,4,0,0.0,-37.819881175,144.9435501324
7178,3,22,2,1,0.5,-37.819881175,144.9435501324
7178,3,23,6,0,0.0,-37.819881175,144.9435501324
7178,3,24,3,0,0.0,-37.819881175,144.9435501324
7178,3,25,2,0,0.0,-37.819881175,144.9435501324
7178,1,28,1,1,1.0,-37.819881175,144.9435501324
7178,2,30,1,1,1.0,-37.819881175,144.9435501324
7178,2,31,1,0,0.0,-37.819881175,144.9435501324
7178,2,32,1,1,1.0,-37.819881175,144.9435501324
7178,2,40,1,0,0.0,-37.819881175,144.9435501324
7178,2,44,1,1,1.0,-37.819881175,144.9435501324
7178,2,45,1,1,1.0,-37.819881175,144.9435501324
7178,2,46,1,0,0.0,-37.819881175,144.9435501324
7182,3,17,1,0,0.0,-37.8210903333,144.9422498333
7182,3,20,1,1,1.0,-37.8210903333,144.9422498333
7182,3,24,1,0,0.0,-37.8210903333,144.9422498333
7183,2,27,1,0,0.0,-37.8204110824,144.9495790412
7183,2,31,1,1,1.0,-37.8204110824,144.9495790412
7183,2,32,1,1,1.0,-37.8204110824,144.9495790412
7183,1,40,1,0,0.0,-37.8204110824,144.9495790412
7183,1,44,1,1,1.0,-37.8204110824,144.9495790412
7184,2,6,1,1,1.0,-37.82147906,144.946917024
7184,2,22,1,0,0.0,-37.82147906,144.946917024
7184,2,25,3,0,0.0,-37.82147906,144.946917024
7184,2,31,1,1,1.0,-37.82147906,144.946917024
7184,2,32,2,1,0.5,-37.82147906,144.946917024
7184,3,37,1,1,1.0,-37.82147906,144.946917024
7185,3,13,1,0,0.0,-37.8213405333,144.9446856667
7185,3,14,1,0,0.0,-37.8213405333,144.9446856667
7185,2,34,1,0,0.0,-37.8213405333,144.9446856667
7186,0,5,1,0,0.0,-37.8211523321,144.9435490036
7186,3,5,1,1,1.0,-37.8211523321,144.9435490036
7186,3,14,1,0,0.0,-37.8211523321,144.9435490036
7186,3,15,1,1,1.0,-37.8211523321,144.9435490036
7186,3,17,2,0,0.0,-37.8211523321,144.9435490036
7186,3,18,3,0,0.0,-37.8211523321,144.9435490036
7186,3,19,2,2,1.0,-37.8211523321,144.9435490036
7186,3,20,2,0,0.0,-37.8211523321,144.9435490036
7186,3,22,1,1,1.0,-37.8211523321,144.9435490036
7186,3,23,3,1,0.3333,-37.8211523321,144.9435490036
7186,3,24,2,1,0.5,-37.8211523321,144.9435490036
7186,2,28,1,0,0.0,-37.8211523321,144.9435490036
7186,2,33,1,1,1.0,-37.8211523321,144.9435490036
7188,3,3,1,1,1.0,-37.82035444,144.93979128
7188,2,10,1,0,0.0,-37.82035444,144.93979128
7188,3,11,1,0,0.0,-37.82035444,144.93979128
7188,2,12,1,0,0.0,-37.82035444,144.93979128
7188,3,12,1,0,0.0,-37.82035444,144.93979128
7188,3,13,2,0,0.0,-37.82035444,144.93979128
7188,4,13,1,0,0.0,-37.82035444,144.93979128
7188,3,14,1,0,0.0,-37.82035444,144.93979128
7188,3,18,1,0,0.0,-37.82035444,144.93979128
7188,2,22,1,0,0.0,-37.82035444,144.93979128
7188,2,24,1,0,0.0,-37.82035444,144.93979128
7188,1,25,1,1,1.0,-37.82035444,144.93979128
7188,1,28,1,1,1.0,-37.82035444,144.93979128
7188,2,30,1,1,1.0,-37.82035444,144.93979128
7189,3,13,1,0,0.0,-37.8159378333,144.9649788
7189,3,24,1,0,0.0,-37.8159378333,144.9649788
7189,3,25,1,0,0.0,-37.8159378333,144.9649788
7190,3,18,1,0,0.0,-37.8158449,144.964955625
7190,3,19,2,0,0.0,-37.8158449,144.964955625
7190,3,22,1,1,1.0,-37.8158449,144.964955625
7190,3,24,4,0,0.0,-37.8158449,144.964955625
7190,3,25,7,3,0.4286,-37.8158449,144.964955625
7191,3,21,1,0,0.0,-37.813922625000004,144.9402477875
7191,3,23,1,0,0.0,-37.813922625000004,144.9402477875
7191,3,25,2,1,0.5,-37.813922625000004,144.9402477875
7193,3,17,1,0,0.0,-37.8146021125,144.9397693042
7193,3,21,1,0,0.0,-37.8146021125,144.9397693042
7193,3,22,1,0,0.0,-37.8146021125,144.9397693042
7193,3,23,1,0,0.0,-37.8146021125,144.9397693042
7193,3,24,1,0,0.0,-37.8146021125,144.9397693042
7194,3,11,1,0,0.0,-37.819026275,144.944266975
7194,3,13,1,0,0.0,-37.819026275,144.944266975
7194,3,23,1,1,1.0,-37.819026275,144.944266975
7195,3,14,1,0,0.0,-37.8131562,144.94227694
7195,3,19,1,0,0.0,-37.8131562,144.94227694
7195,3,24,5,0,0.0,-37.8131562,144.94227694
7195,3,25,1,1,1.0,-37.8131562,144.94227694
7197,1,18,1,1,1.0,-37.8201638571,144.9454077095
7197,1,20,2,0,0.0,-37.8201638571,144.9454077095
7197,3,20,4,0,0.0,-37.8201638571,144.9454077095
7197,0,21,1,1,1.0,-37.8201638571,144.9454077095
7197,3,21,2,0,0.0,-37.8201638571,144.9454077095
7197,3,22,1,1,1.0,-37.8201638571,144.9454077095
7197,1,23,1,1,1.0,-37.8201638571,144.9454077095
7197,3,23,1,0,0.0,-37.8201638571,144.9454077095
7197,3,24,3,2,0.6667,-37.8201638571,144.9454077095
7197,3,25,1,0,0.0,-37.8201638571,144.9454077095
7197,0,28,1,1,1.0,-37.8201638571,144.9454077095
7197,0,30,1,1,1.0,-37.8201638571,144.9454077095
7197,0,46,1,1,1.0,-37.8201638571,144.9454077095
7200,1,42,1,0,0.0,-37.8216740857,144.9504825571
7200,1,45,1,1,1.0,-37.8216740857,144.9504825571
7202,2,0,1,1,1.0,-37.8199626172,144.9471867207
7202,2,2,1,1,1.0,-37.8199626172,144.9471867207
7202,2,16,1,0,0.0,-37.8199626172,144.9471867207
7202,2,19,2,1,0.5,-37.8199626172,144.9471867207
7202,2,20,1,1,1.0,-37.8199626172,144.9471867207
7202,0,22,1,1,1.0,-37.8199626172,144.9471867207
7202,2,22,2,1,0.5,-37.8199626172,144.9471867207
7202,2,25,1,0,0.0,-37.8199626172,144.9471867207
7202,2,27,2,1,0.5,-37.8199626172,144.9471867207
7202,3,29,1,1,1.0,-37.8199626172,144.9471867207
7202,2,30,1,1,1.0,-37.8199626172,144.9471867207
7202,2,31,1,0,0.0,-37.8199626172,144.9471867207
7202,5,34,1,1,1.0,-37.8199626172,144.9471867207
7202,6,36,1,1,1.0,-37.8199626172,144.9471867207
7202,4,38,1,1,1.0,-37.8199626172,144.9471867207
7202,5,39,1,1,1.0,-37.8199626172,144.9471867207
7202,1,41,1,1,1.0,-37.8199626172,144.9471867207
7202,4,45,1,1,1.0,-37.8199626172,144.9471867207
7202,1,46,1,1,1.0,-37.8199626172,144.9471867207
7203,6,38,1,1,1.0,-37.8219711,144.9477903
7205,3,25,1,0,0.0,-37.814602975,144.9468118437
7205,1,30,2,0,0.0,-37.814602975,144.9468118437
7205,1,31,4,2,0.5,-37.814602975,144.9468118437
7207,3,12,1,0,0.0,-37.82021871,144.94446747
7207,3,15,1,0,0.0,-37.82021871,144.94446747
7207,3,16,1,0,0.0,-37.82021871,144.94446747
7207,3,23,2,0,0.0,-37.82021871,144.94446747
7208,3,16,1,1,1.0,-37.8211671364,144.9455557455
7208,0,17,1,0,0.0,-37.8211671364,144.9455557455
7208,3,17,1,0,0.0,-37.8211671364,144.9455557455
7208,2,18,1,1,1.0,-37.8211671364,144.9455557455
7208,3,19,2,1,0.5,-37.8211671364,144.9455557455
7208,3,24,1,1,1.0,-37.8211671364,144.9455557455
7210,3,15,1,0,0.0,-37.8125659,144.9402362571
7210,3,18,1,1,1.0,-37.8125659,144.9402362571
7210,3,19,1,1,1.0,-37.8125659,144.9402362571
7210,3,21,1,0,0.0,-37.8125659,144.9402362571
7210,3,22,1,0,0.0,-37.8125659,144.9402362571
7210,3,23,1,0,0.0,-37.8125659,144.9402362571
7210,3,24,2,1,0.5,-37.8125659,144.9402362571
7210,3,25,2,0,0.0,-37.8125659,144.9402362571
7212,5,16,1,0,0.0,-37.8195009077,144.9436029308
7212,3,19,1,0,0.0,-37.8195009077,144.9436029308
7212,3,24,3,3,1.0,-37.8195009077,144.9436029308
7213,3,14,1,0,0.0,-37.8205729467,144.94412274
7213,2,19,1,0,0.0,-37.8205729467,144.94412274
7213,0,23,1,1,1.0,-37.8205729467,144.94412274
7213,0,30,1,1,1.0,-37.8205729467,144.94412274
7213,2,32,2,1,0.5,-37.8205729467,144.94412274
7213,2,33,1,0,0.0,-37.8205729467,144.94412274
7213,4,38,1,0,0.0,-37.8205729467,144.94412274
7213,4,42,1,0,0.0,-37.8205729467,144.94412274
7214,3,1,1,1,1.0,-37.820204925,144.9460235125
7214,2,12,1,1,1.0,-37.820204925,144.9460235125
7214,3,18,1,0,0.0,-37.820204925,144.9460235125
7214,3,19,2,1,0.5,-37.820204925,144.9460235125
7214,3,21,2,1,0.5,-37.820204925,144.9460235125
7214,3,23,1,0,0.0,-37.820204925,144.9460235125
7214,3,24,4,0,0.0,-37.820204925,144.9460235125
7214,3,25,1,1,1.0,-37.820204925,144.9460235125
7218,4,15,1,0,0.0,-37.8205733154,144.9546815846
7218,0,20,1,0,0.0,-37.8205733154,144.9546815846
7218,0,24,2,0,0.0,-37.8205733154,144.9546815846
7218,0,25,3,2,0.6667,-37.8205733154,144.9546815846
7218,0,26,1,1,1.0,-37.8205733154,144.9546815846
7218,2,35,1,1,1.0,-37.8205733154,144.9546815846
7219,0,13,1,0,0.0,-37.8221406773,144.9538281455
7219,0,19,1,0,0.0,-37.8221406773,144.9538281455
7219,0,23,2,0,0.0,-37.8221406773,144.9538281455
7219,0,25,2,0,0.0,-37.8221406773,144.9538281455
7219,0,26,2,1,0.5,-37.8221406773,144.9538281455
7220,3,21,1,0,0.0,-37.8150007556,144.9370899278
7220,3,22,3,2,0.6667,-37.8150007556,144.9370899278
7220,3,23,2,1,0.5,-37.8150007556,144.9370899278
7220,3,24,1,0,0.0,-37.8150007556,144.9370899278
7220,3,25,2,2,1.0,-37.8150007556,144.9370899278
7220,2,42,1,1,1.0,-37.8150007556,144.9370899278
7222,2,18,1,1,1.0,-37.82058756,144.94299872
7222,0,40,1,1,1.0,-37.82058756,144.94299872
7222,3,45,1,1,1.0,-37.82058756,144.94299872
7223,0,26,2,0,0.0,-37.8221945667,144.9542029667
7226,3,14,1,0,0.0,-37.8130648308,144.9406944308
7226,3,18,1,1,1.0,-37.8130648308,144.9406944308
7226,3,20,1,1,1.0,-37.8130648308,144.9406944308
7226,3,22,4,2,0.5,-37.8130648308,144.9406944308
7226,3,23,2,1,0.5,-37.8130648308,144.9406944308
7226,3,24,1,0,0.0,-37.8130648308,144.9406944308
7226,3,25,2,0,0.0,-37.8130648308,144.9406944308
7227,1,17,1,0,0.0,-37.81879795,144.94962065
7227,1,41,1,1,1.0,-37.81879795,144.94962065
7227,1,46,1,1,1.0,-37.81879795,144.94962065
7228,1,36,1,0,0.0,-37.8197128364,144.9497266818
7228,1,43,1,0,0.0,-37.8197128364,144.9497266818
7228,1,44,2,2,1.0,-37.8197128364,144.9497266818
7228,1,46,3,3,1.0,-37.8197128364,144.9497266818
7229,1,34,1,1,1.0,-37.8213448455,144.9510566818
7229,0,35,1,0,0.0,-37.8213448455,144.9510566818
7229,0,39,1,1,1.0,-37.8213448455,144.9510566818
7229,1,42,1,1,1.0,-37.8213448455,144.9510566818
7230,1,39,1,0,0.0,-37.8208997333,144.9507582333
7230,1,44,1,1,1.0,-37.8208997333,144.9507582333
7231,0,30,2,1,0.5,-37.8209069333,144.9442050333
7231,4,35,1,0,0.0,-37.8209069333,144.9442050333
7231,4,41,1,0,0.0,-37.8209069333,144.9442050333
7231,1,45,1,0,0.0,-37.8209069333,144.9442050333
7232,3,20,1,1,1.0,-37.8130638813,144.9390288094
7232,3,23,3,0,0.0,-37.8130638813,144.9390288094
7232,3,24,1,1,1.0,-37.8130638813,144.9390288094
7232,3,25,4,1,0.25,-37.8130638813,144.9390288094
7234,3,23,1,1,1.0,-37.8101986273,144.9824055727
7234,3,24,1,0,0.0,-37.8101986273,144.9824055727
7234,3,25,2,2,1.0,-37.8101986273,144.9824055727
7236,3,16,1,1,1.0,-37.809486063,144.9769096444
7236,3,21,2,2,1.0,-37.809486063,144.9769096444
7236,3,22,1,1,1.0,-37.809486063,144.9769096444
7236,3,23,3,2,0.6667,-37.809486063,144.9769096444
7236,3,24,14,11,0.7857,-37.809486063,144.9769096444
7236,3,25,3,1,0.3333,-37.809486063,144.9769096444
7237,3,12,1,0,0.0,-37.8101895053,144.9814839
7237,3,21,1,0,0.0,-37.8101895053,144.9814839
7237,3,23,1,0,0.0,-37.8101895053,144.9814839
7237,3,24,3,1,0.3333,-37.8101895053,144.9814839
7237,3,25,1,0,0.0,-37.8101895053,144.9814839
7239,3,18,1,0,0.0,-37.8099609319,144.9796551383
7239,3,19,5,0,0.0,-37.8099609319,144.9796551383
7239,3,20,4,0,0.0,-37.8099609319,144.9796551383
7239,3,21,3,0,0.0,-37.8099609319,144.9796551383
7239,3,22,3,1,0.3333,-37.8099609319,144.9796551383
7239,3,23,2,0,0.0,-37.8099609319,144.9796551383
7239,3,24,8,3,0.375,-37.8099609319,144.9796551383
7239,3,25,2,2,1.0,-37.8099609319,144.9796551383
7241,3,23,3,2,0.6667,-37.8094814333,144.9774324833
7241,3,24,1,1,1.0,-37.8094814333,144.9774324833
7241,3,25,1,1,1.0,-37.8094814333,144.9774324833
7243,6,32,1,0,0.0,-37.810153246,144.9840712032
7243,6,36,1,1,1.0,-37.810153246,144.9840712032
7243,6,37,1,0,0.0,-37.810153246,144.9840712032
7243,6,38,1,1,1.0,-37.810153246,144.9840712032
7243,6,39,2,2,1.0,-37.810153246,144.9840712032
7243,6,43,1,1,1.0,-37.810153246,144.9840712032
7244,3,22,1,1,1.0,-37.8093163,144.9743374
7245,3,15,1,1,1.0,-37.8090397596,144.9744741115
7245,2,16,1,1,1.0,-37.8090397596,144.9744741115
7245,3,16,1,1,1.0,-37.8090397596,144.9744741115
7245,0,17,1,1,1.0,-37.8090397596,144.9744741115
7245,1,17,1,1,1.0,-37.8090397596,144.9744741115
7245,2,18,1,1,1.0,-37.8090397596,144.9744741115
7245,3,21,1,0,0.0,-37.8090397596,144.9744741115
7245,1,22,1,1,1.0,-37.8090397596,144.9744741115
7245,3,22,1,0,0.0,-37.8090397596,144.9744741115
7245,2,23,1,1,1.0,-37.8090397596,144.9744741115
7245,3,23,3,0,0.0,-37.8090397596,144.9744741115
7245,3,24,3,0,0.0,-37.8090397596,144.9744741115
7245,3,25,1,1,1.0,-37.8090397596,144.9744741115
7246,6,5,1,0,0.0,-37.8103761604,144.988132273
7246,6,18,1,0,0.0,-37.8103761604,144.988132273
7246,2,19,1,0,0.0,-37.8103761604,144.988132273
7246,6,25,3,2,0.6667,-37.8103761604,144.988132273
7246,5,27,1,1,1.0,-37.8103761604,144.988132273
7246,6,27,1,0,0.0,-37.8103761604,144.988132273
7246,6,29,1,1,1.0,-37.8103761604,144.988132273
7246,5,30,1,0,0.0,-37.8103761604,144.988132273
7246,5,31,1,0,0.0,-37.8103761604,144.988132273
7246,6,32,1,1,1.0,-37.8103761604,144.988132273
7246,6,33,3,3,1.0,-37.8103761604,144.988132273
7246,6,36,1,1,1.0,-37.8103761604,144.988132273
7246,6,37,2,1,0.5,-37.8103761604,144.988132273
7246,6,39,1,1,1.0,-37.8103761604,144.988132273
7246,6,40,2,2,1.0,-37.8103761604,144.988132273
7246,6,44,1,1,1.0,-37.8103761604,144.988132273
7246,5,46,1,0,0.0,-37.8103761604,144.988132273
7246,6,46,2,1,0.5,-37.8103761604,144.988132273
7247,3,16,1,1,1.0,-37.8108572173,144.9768748942
7247,3,20,1,0,0.0,-37.8108572173,144.9768748942
7247,3,21,2,2,1.0,-37.8108572173,144.9768748942
7247,3,22,2,0,0.0,-37.8108572173,144.9768748942
7247,3,23,11,6,0.5455,-37.8108572173,144.9768748942
7247,3,24,8,5,0.625,-37.8108572173,144.9768748942
7247,3,25,5,3,0.6,-37.8108572173,144.9768748942
7247,1,28,1,1,1.0,-37.8108572173,144.9768748942
7247,1,29,1,1,1.0,-37.8108572173,144.9768748942
7250,0,0,1,1,1.0,-37.8140846325,144.9829599565
7250,6,21,1,0,0.0,-37.8140846325,144.9829599565
7250,2,22,1,1,1.0,-37.8140846325,144.9829599565
7250,6,29,1,0,0.0,-37.8140846325,144.9829599565
7250,5,34,1,0,0.0,-37.8140846325,144.9829599565
7250,6,34,1,1,1.0,-37.8140846325,144.9829599565
7250,6,35,2,1,0.5,-37.8140846325,144.9829599565
7250,6,36,5,5,1.0,-37.8140846325,144.9829599565
7250,6,37,6,6,1.0,-37.8140846325,144.9829599565
7250,6,38,5,5,1.0,-37.8140846325,144.9829599565
7250,2,39,1,0,0.0,-37.8140846325,144.9829599565
7250,6,39,5,5,1.0,-37.8140846325,144.9829599565
7250,6,40,3,3,1.0,-37.8140846325,144.9829599565
7250,6,41,1,0,0.0,-37.8140846325,144.9829599565
7250,6,42,8,7,0.875,-37.8140846325,144.9829599565
7250,6,43,9,8,0.8889,-37.8140846325,144.9829599565
7250,6,44,13,13,1.0,-37.8140846325,144.9829599565
7250,6,45,6,5,0.8333,-37.8140846325,144.9829599565
7250,6,46,4,2,0.5,-37.8140846325,144.9829599565
7250,6,47,2,2,1.0,-37.8140846325,144.9829599565
7251,3,12,1,0,0.0,-37.8093632561,144.9811469951
7251,3,13,2,0,0.0,-37.8093632561,144.9811469951
7251,3,14,1,0,0.0,-37.8093632561,144.9811469951
7251,3,18,1,0,0.0,-37.8093632561,144.9811469951
7251,3,23,5,0,0.0,-37.8093632561,144.9811469951
7251,3,24,5,0,0.0,-37.8093632561,144.9811469951
7251,3,25,2,1,0.5,-37.8093632561,144.9811469951
7251,2,38,1,0,0.0,-37.8093632561,144.9811469951
7251,2,43,1,1,1.0,-37.8093632561,144.9811469951
7252,3,15,1,0,0.0,-37.8093156917,144.9806169583
7252,3,19,1,0,0.0,-37.8093156917,144.9806169583
7252,3,21,1,0,0.0,-37.8093156917,144.9806169583
7252,3,22,2,0,0.0,-37.8093156917,144.9806169583
7252,3,24,1,0,0.0,-37.8093156917,144.9806169583
7252,3,35,1,0,0.0,-37.8093156917,144.9806169583
7253,3,17,3,0,0.0,-37.8101069563,144.9756767312
7253,3,18,1,0,0.0,-37.8101069563,144.9756767312
7253,3,21,2,0,0.0,-37.8101069563,144.9756767312
7253,3,23,4,0,0.0,-37.8101069563,144.9756767312
7253,3,24,4,1,0.25,-37.8101069563,144.9756767312
7253,3,25,1,0,0.0,-37.8101069563,144.9756767312
7254,3,21,1,0,0.0,-37.8103522833,144.9753678667
7254,3,24,3,1,0.3333,-37.8103522833,144.9753678667
7254,3,25,1,0,0.0,-37.8103522833,144.9753678667
7255,6,28,1,1,1.0,-37.8122734644,144.9864006424
7255,6,29,1,0,0.0,-37.8122734644,144.9864006424
7255,6,30,3,3,1.0,-37.8122734644,144.9864006424
7255,5,31,1,1,1.0,-37.8122734644,144.9864006424
7255,6,32,1,1,1.0,-37.8122734644,144.9864006424
7255,4,33,1,0,0.0,-37.8122734644,144.9864006424
7255,6,34,1,1,1.0,-37.8122734644,144.9864006424
7255,6,36,9,9,1.0,-37.8122734644,144.9864006424
7255,6,37,2,2,1.0,-37.8122734644,144.9864006424
7255,6,38,1,1,1.0,-37.8122734644,144.9864006424
7255,6,44,1,1,1.0,-37.8122734644,144.9864006424
7255,6,45,1,0,0.0,-37.8122734644,144.9864006424
7255,6,46,1,1,1.0,-37.8122734644,144.9864006424
7255,6,47,1,1,1.0,-37.8122734644,144.9864006424
7258,3,11,1,0,0.0,-37.8103006185,144.9776261556
7258,3,17,1,0,0.0,-37.8103006185,144.9776261556
7258,3,18,1,0,0.0,-37.8103006185,144.9776261556
7258,2,20,1,1,1.0,-37.8103006185,144.9776261556
7258,3,20,1,0,0.0,-37.8103006185,144.9776261556
7258,3,21,1,0,0.0,-37.8103006185,144.9776261556
7258,3,22,2,0,0.0,-37.8103006185,144.9776261556
7258,3,23,4,0,0.0,-37.8103006185,144.9776261556
7258,3,24,8,0,0.0,-37.8103006185,144.9776261556
7258,3,25,4,3,0.75,-37.8103006185,144.9776261556
7258,0,37,1,1,1.0,-37.8103006185,144.9776261556
7259,3,20,1,0,0.0,-37.8114774091,144.9781028955
7259,3,21,2,0,0.0,-37.8114774091,144.9781028955
7259,3,22,1,0,0.0,-37.8114774091,144.9781028955
7259,3,24,1,0,0.0,-37.8114774091,144.9781028955
7259,3,25,1,0,0.0,-37.8114774091,144.9781028955
7260,3,19,1,0,0.0,-37.8089575472,144.9785292194
7260,3,21,1,0,0.0,-37.8089575472,144.9785292194
7260,3,22,1,0,0.0,-37.8089575472,144.9785292194
7260,3,23,1,1,1.0,-37.8089575472,144.9785292194
7261,3,21,1,0,0.0,-37.8125411545,144.9364028364
7261,3,22,1,1,1.0,-37.8125411545,144.9364028364
7261,3,23,1,0,0.0,-37.8125411545,144.9364028364
7261,3,24,2,0,0.0,-37.8125411545,144.9364028364
7261,3,25,2,0,0.0,-37.8125411545,144.9364028364
7264,3,20,1,0,0.0,-37.8140000794,144.9776155382
7264,3,23,2,0,0.0,-37.8140000794,144.9776155382
7264,3,25,4,1,0.25,-37.8140000794,144.9776155382
7265,5,0,1,1,1.0,-37.8102829393,144.9728732179
7265,1,15,1,0,0.0,-37.8102829393,144.9728732179
7265,1,20,1,0,0.0,-37.8102829393,144.9728732179
7265,1,21,2,0,0.0,-37.8102829393,144.9728732179
7265,1,22,2,0,0.0,-37.8102829393,144.9728732179
7265,3,22,1,0,0.0,-37.8102829393,144.9728732179
7265,1,23,4,0,0.0,-37.8102829393,144.9728732179
7265,3,23,1,0,0.0,-37.8102829393,144.9728732179
7265,3,24,1,0,0.0,-37.8102829393,144.9728732179
7265,3,25,1,0,0.0,-37.8102829393,144.9728732179
7265,6,33,1,0,0.0,-37.8102829393,144.9728732179
7265,0,36,1,1,1.0,-37.8102829393,144.9728732179
7266,1,22,1,0,0.0,-37.808527775,144.97354225
7266,1,42,1,1,1.0,-37.808527775,144.97354225
7267,2,12,1,1,1.0,-37.82174396,144.94353168
7267,3,14,1,1,1.0,-37.82174396,144.94353168
7267,2,17,1,1,1.0,-37.82174396,144.94353168
7267,0,21,1,0,0.0,-37.82174396,144.94353168
7267,2,46,1,1,1.0,-37.82174396,144.94353168
7269,3,20,2,1,0.5,-37.8112412941,144.9754867353
7269,3,22,1,0,0.0,-37.8112412941,144.9754867353
7269,3,23,4,0,0.0,-37.8112412941,144.9754867353
7269,3,24,5,0,0.0,-37.8112412941,144.9754867353
7269,3,25,1,1,1.0,-37.8112412941,144.9754867353
7270,6,11,1,0,0.0,-37.8111574,144.985642925
7270,6,22,1,0,0.0,-37.8111574,144.985642925
7270,6,37,2,2,1.0,-37.8111574,144.985642925
7270,6,38,3,1,0.3333,-37.8111574,144.985642925
7270,6,39,2,1,0.5,-37.8111574,144.985642925
7270,6,40,2,0,0.0,-37.8111574,144.985642925
7270,6,41,1,1,1.0,-37.8111574,144.985642925
7270,2,43,1,0,0.0,-37.8111574,144.985642925
7270,6,43,1,0,0.0,-37.8111574,144.985642925
7271,1,27,1,0,0.0,-37.8115650375,144.9895928578
7271,6,32,1,1,1.0,-37.8115650375,144.9895928578
7271,6,33,1,1,1.0,-37.8115650375,144.9895928578
7271,6,35,1,1,1.0,-37.8115650375,144.9895928578
7271,6,36,2,2,1.0,-37.8115650375,144.9895928578
7271,6,38,2,2,1.0,-37.8115650375,144.9895928578
7273,3,20,1,0,0.0,-37.8081316118,144.9715262294
7273,3,21,1,0,0.0,-37.8081316118,144.9715262294
7273,3,23,4,0,0.0,-37.8081316118,144.9715262294
7273,3,24,7,1,0.1429,-37.8081316118,144.9715262294
7273,1,33,1,1,1.0,-37.8081316118,144.9715262294
7274,3,25,2,2,1.0,-37.8076086667,144.9706234167
7275,3,22,1,0,0.0,-37.8082888333,144.9715135
7275,3,25,2,0,0.0,-37.8082888333,144.9715135
7278,3,13,1,0,0.0,-37.8122010172,144.976925
7278,3,14,1,0,0.0,-37.8122010172,144.976925
7278,3,16,1,1,1.0,-37.8122010172,144.976925
7278,3,17,2,0,0.0,-37.8122010172,144.976925
7278,3,18,1,0,0.0,-37.8122010172,144.976925
7278,3,21,1,0,0.0,-37.8122010172,144.976925
7278,3,22,4,1,0.25,-37.8122010172,144.976925
7278,3,23,3,0,0.0,-37.8122010172,144.976925
7278,3,24,6,0,0.0,-37.8122010172,144.976925
7278,3,25,6,0,0.0,-37.8122010172,144.976925
7280,3,13,1,0,0.0,-37.81184108,144.97591144
7280,3,17,1,0,0.0,-37.81184108,144.97591144
7280,3,19,1,0,0.0,-37.81184108,144.97591144
7280,3,22,1,0,0.0,-37.81184108,144.97591144
7280,3,23,1,0,0.0,-37.81184108,144.97591144
7280,3,24,3,0,0.0,-37.81184108,144.97591144
7280,3,25,2,1,0.5,-37.81184108,144.97591144
7282,1,13,1,1,1.0,-37.8212866,144.9506999
7297,2,13,4,0,0.0,-37.8080482412,144.9726147765
7297,2,14,1,0,0.0,-37.8080482412,144.9726147765
7297,2,23,1,0,0.0,-37.8080482412,144.9726147765
7297,2,27,1,0,0.0,-37.8080482412,144.9726147765
7297,2,28,1,0,0.0,-37.8080482412,144.9726147765
7297,2,29,2,1,0.5,-37.8080482412,144.9726147765
7297,2,35,1,1,1.0,-37.8080482412,144.9726147765
7301,4,17,1,1,1.0,-37.814842587,144.9750476952
7301,2,20,1,0,0.0,-37.814842587,144.9750476952
7301,2,21,1,1,1.0,-37.814842587,144.9750476952
7301,3,21,1,0,0.0,-37.814842587,144.9750476952
7301,3,22,1,1,1.0,-37.814842587,144.9750476952
7301,3,24,2,0,0.0,-37.814842587,144.9750476952
7301,3,25,3,1,0.3333,-37.814842587,144.9750476952
7301,2,26,1,1,1.0,-37.814842587,144.9750476952
7301,2,31,2,0,0.0,-37.814842587,144.9750476952
7301,3,35,2,2,1.0,-37.814842587,144.9750476952
7301,0,38,1,0,0.0,-37.814842587,144.9750476952
7303,1,20,1,0,0.0,-37.816211225,144.9698038
7303,1,22,2,1,0.5,-37.816211225,144.9698038
7320,3,16,1,0,0.0,-37.8124179762,144.969450981
7320,3,17,2,0,0.0,-37.8124179762,144.969450981
7320,3,19,1,0,0.0,-37.8124179762,144.969450981
7320,3,22,1,1,1.0,-37.8124179762,144.969450981
7320,3,23,1,0,0.0,-37.8124179762,144.969450981
7320,3,24,3,0,0.0,-37.8124179762,144.969450981
7320,3,25,4,1,0.25,-37.8124179762,144.969450981
7329,3,22,1,1,1.0,-37.8181101333,144.9627489833
7329,3,24,2,2,1.0,-37.8181101333,144.9627489833
7329,3,25,2,2,1.0,-37.8181101333,144.9627489833
7331,3,24,1,0,0.0,-37.8181245667,144.9627862333
7331,3,25,2,2,1.0,-37.8181245667,144.9627862333
7332,3,23,2,0,0.0,-37.8147751464,144.962936125
7332,3,25,1,0,0.0,-37.8147751464,144.962936125
7333,3,20,1,0,0.0,-37.8156849833,144.9622450625
7333,3,23,1,0,0.0,-37.8156849833,144.9622450625
7333,3,24,3,0,0.0,-37.8156849833,144.9622450625
7333,3,25,4,3,0.75,-37.8156849833,144.9622450625
7333,1,30,1,0,0.0,-37.8156849833,144.9622450625
7334,3,23,2,0,0.0,-37.81229296,144.96981033
7334,3,24,2,1,0.5,-37.81229296,144.96981033
7334,3,25,3,1,0.3333,-37.81229296,144.96981033
7334,1,31,1,0,0.0,-37.81229296,144.96981033
7335,1,19,1,0,0.0,-37.8161468439,144.9550803732
7335,3,24,2,2,1.0,-37.8161468439,144.9550803732
7335,3,25,2,1,0.5,-37.8161468439,144.9550803732
7336,3,11,1,0,0.0,-37.8157713829,144.9566132657
7336,3,23,1,0,0.0,-37.8157713829,144.9566132657
7336,3,24,2,1,0.5,-37.8157713829,144.9566132657
7336,3,25,1,1,1.0,-37.8157713829,144.9566132657
7339,3,16,1,0,0.0,-37.8153936091,144.9590223818
7339,3,25,4,0,0.0,-37.8153936091,144.9590223818
7339,1,28,1,1,1.0,-37.8153936091,144.9590223818
7340,3,24,2,2,1.0,-37.8158979714,144.9567060929
7340,3,25,3,3,1.0,-37.8158979714,144.9567060929
7343,3,13,1,0,0.0,-37.811834015,144.971324295
7343,3,15,1,0,0.0,-37.811834015,144.971324295
7343,6,15,1,1,1.0,-37.811834015,144.971324295
7343,3,22,1,0,0.0,-37.811834015,144.971324295
7343,3,24,2,0,0.0,-37.811834015,144.971324295
7343,3,25,4,2,0.5,-37.811834015,144.971324295
7344,3,22,2,0,0.0,-37.8172032882,144.9607684824
7344,3,23,1,0,0.0,-37.8172032882,144.9607684824
7344,3,24,2,2,1.0,-37.8172032882,144.9607684824
7344,3,25,4,2,0.5,-37.8172032882,144.9607684824
7344,0,44,1,1,1.0,-37.8172032882,144.9607684824
7344,0,45,1,1,1.0,-37.8172032882,144.9607684824
7345,3,1,1,0,0.0,-37.8130165167,144.9672900767
7345,3,20,1,0,0.0,-37.8130165167,144.9672900767
7345,3,21,2,0,0.0,-37.8130165167,144.9672900767
7345,1,22,1,1,1.0,-37.8130165167,144.9672900767
7345,3,23,2,0,0.0,-37.8130165167,144.9672900767
7345,1,24,1,1,1.0,-37.8130165167,144.9672900767
7345,3,24,2,1,0.5,-37.8130165167,144.9672900767
7345,3,25,2,1,0.5,-37.8130165167,144.9672900767
7345,1,27,1,1,1.0,-37.8130165167,144.9672900767
7345,3,27,1,1,1.0,-37.8130165167,144.9672900767
7345,1,28,1,0,0.0,-37.8130165167,144.9672900767
7345,0,31,1,1,1.0,-37.8130165167,144.9672900767
7345,2,35,1,1,1.0,-37.8130165167,144.9672900767
7347,3,17,1,0,0.0,-37.8163149,144.95717655
7347,3,25,3,1,0.3333,-37.8163149,144.95717655
7348,3,16,1,0,0.0,-37.8347787679,144.9781744924
7348,3,17,1,0,0.0,-37.8347787679,144.9781744924
7348,3,18,1,0,0.0,-37.8347787679,144.9781744924
7348,3,19,1,1,1.0,-37.8347787679,144.9781744924
7348,2,20,1,0,0.0,-37.8347787679,144.9781744924
7348,3,20,2,0,0.0,-37.8347787679,144.9781744924
7348,3,21,3,0,0.0,-37.8347787679,144.9781744924
7348,3,22,3,2,0.6667,-37.8347787679,144.9781744924
7348,3,23,2,1,0.5,-37.8347787679,144.9781744924
7348,3,24,7,5,0.7143,-37.8347787679,144.9781744924
7348,3,25,4,3,0.75,-37.8347787679,144.9781744924
7348,2,33,1,0,0.0,-37.8347787679,144.9781744924
7348,2,37,2,1,0.5,-37.8347787679,144.9781744924
7350,3,14,1,0,0.0,-37.816623225,144.9573163
7350,3,15,1,0,0.0,-37.816623225,144.9573163
7350,3,18,1,0,0.0,-37.816623225,144.9573163
7350,3,21,1,0,0.0,-37.816623225,144.9573163
7350,3,25,2,0,0.0,-37.816623225,144.9573163
7354,3,20,1,0,0.0,-37.8185112167,144.955693375
7354,3,21,1,0,0.0,-37.8185112167,144.955693375
7354,3,22,1,1,1.0,-37.8185112167,144.955693375
7354,3,26,1,1,1.0,-37.8185112167,144.955693375
7354,1,40,1,1,1.0,-37.8185112167,144.955693375
7355,3,17,1,0,0.0,-37.8171699182,144.9608081364
7355,3,18,1,0,0.0,-37.8171699182,144.9608081364
7355,3,20,2,0,0.0,-37.8171699182,144.9608081364
7355,3,22,1,0,0.0,-37.8171699182,144.9608081364
7355,3,24,2,0,0.0,-37.8171699182,144.9608081364
7355,3,25,2,0,0.0,-37.8171699182,144.9608081364
7355,1,46,1,0,0.0,-37.8171699182,144.9608081364
7356,3,23,2,0,0.0,-37.8150405471,144.9675573647
7356,3,24,2,0,0.0,-37.8150405471,144.9675573647
7356,3,25,3,1,0.3333,-37.8150405471,144.9675573647
7356,2,29,1,1,1.0,-37.8150405471,144.9675573647
7356,2,35,1,1,1.0,-37.8150405471,144.9675573647
7357,3,22,1,1,1.0,-37.8184744667,144.95610195
7357,3,24,2,2,1.0,-37.8184744667,144.95610195
7358,3,12,1,0,0.0,-37.8145245647,144.9697625471
7358,3,22,1,0,0.0,-37.8145245647,144.9697625471
7358,3,23,1,0,0.0,-37.8145245647,144.9697625471
7358,3,24,2,0,0.0,-37.8145245647,144.9697625471
7358,2,33,1,1,1.0,-37.8145245647,144.9697625471
7359,3,18,1,0,0.0,-37.8150931687,144.96793825
7359,3,21,2,0,0.0,-37.8150931687,144.96793825
7359,3,22,2,0,0.0,-37.8150931687,144.96793825
7359,3,23,2,0,0.0,-37.8150931687,144.96793825
7359,3,24,4,1,0.25,-37.8150931687,144.96793825
7359,3,25,12,2,0.1667,-37.8150931687,144.96793825
7360,3,22,1,0,0.0,-37.8138351846,144.9720874692
7360,3,23,2,0,0.0,-37.8138351846,144.9720874692
7360,3,24,2,0,0.0,-37.8138351846,144.9720874692
7362,3,17,1,0,0.0,-37.8179417733,144.9580117333
7362,2,18,1,1,1.0,-37.8179417733,144.9580117333
7362,3,18,1,0,0.0,-37.8179417733,144.9580117333
7362,3,21,1,0,0.0,-37.8179417733,144.9580117333
7362,3,22,3,0,0.0,-37.8179417733,144.9580117333
7362,3,24,5,0,0.0,-37.8179417733,144.9580117333
7362,3,25,5,2,0.4,-37.8179417733,144.9580117333
7362,3,34,1,1,1.0,-37.8179417733,144.9580117333
7363,3,24,1,0,0.0,-37.81470045,144.9694939
7363,3,25,1,0,0.0,-37.81470045,144.9694939
7365,3,23,1,0,0.0,-37.8180101286,144.9578682286
7365,3,24,2,1,0.5,-37.8180101286,144.9578682286
7365,3,25,7,3,0.4286,-37.8180101286,144.9578682286
7366,3,23,2,0,0.0,-37.813727525,144.9725868813
7366,3,24,2,0,0.0,-37.813727525,144.9725868813
7366,3,25,7,0,0.0,-37.813727525,144.9725868813
7368,3,24,1,1,1.0,-37.82068084,144.95570977
7368,3,25,1,0,0.0,-37.82068084,144.95570977
7377,0,19,1,0,0.0,-37.8201049889,144.9556652667
7377,3,22,1,0,0.0,-37.8201049889,144.9556652667
7377,3,24,3,0,0.0,-37.8201049889,144.9556652667
7379,3,22,1,0,0.0,-37.81307096,144.9621475
7379,3,24,1,0,0.0,-37.81307096,144.9621475
7389,3,16,1,0,0.0,-37.8130820583,144.9624375083
7389,3,24,1,1,1.0,-37.8130820583,144.9624375083
7389,3,25,1,0,0.0,-37.8130820583,144.9624375083
7392,3,13,1,1,1.0,-37.802631499,144.9584120199
7392,1,14,1,1,1.0,-37.802631499,144.9584120199
7392,3,15,1,1,1.0,-37.802631499,144.9584120199
7392,2,24,1,1,1.0,-37.802631499,144.9584120199
7392,6,26,1,1,1.0,-37.802631499,144.9584120199
7392,2,28,3,3,1.0,-37.802631499,144.9584120199
7392,2,29,1,1,1.0,-37.802631499,144.9584120199
7392,6,35,1,1,1.0,-37.802631499,144.9584120199
7392,2,38,1,1,1.0,-37.802631499,144.9584120199
7392,0,40,1,1,1.0,-37.802631499,144.9584120199
7392,6,42,1,1,1.0,-37.802631499,144.9584120199
7392,5,45,1,1,1.0,-37.802631499,144.9584120199
7394,2,20,1,0,0.0,-37.804837605,144.95918247
7394,2,21,4,1,0.25,-37.804837605,144.95918247
7394,2,27,1,0,0.0,-37.804837605,144.95918247
7394,5,28,1,1,1.0,-37.804837605,144.95918247
7394,6,28,1,1,1.0,-37.804837605,144.95918247
7394,6,36,1,1,1.0,-37.804837605,144.95918247
7394,6,42,1,1,1.0,-37.804837605,144.95918247
7396,3,15,1,1,1.0,-37.811366181,144.9698914143
7396,3,22,1,1,1.0,-37.811366181,144.9698914143
7396,3,25,1,1,1.0,-37.811366181,144.9698914143
7399,3,23,1,0,0.0,-37.813745875,144.9714379875
7399,3,24,1,0,0.0,-37.813745875,144.9714379875
7399,3,25,1,0,0.0,-37.813745875,144.9714379875
7400,3,24,1,0,0.0,-37.8135091067,144.9711628467
7400,3,25,4,2,0.5,-37.8135091067,144.9711628467
7401,3,19,1,0,0.0,-37.8147231333,144.9716339667
7401,3,23,1,0,0.0,-37.8147231333,144.9716339667
7401,3,24,1,0,0.0,-37.8147231333,144.9716339667
7402,3,18,1,0,0.0,-37.8143911933,144.9715979333
7402,3,24,2,0,0.0,-37.8143911933,144.9715979333
7402,3,25,2,0,0.0,-37.8143911933,144.9715979333
7402,1,38,1,0,0.0,-37.8143911933,144.9715979333
7406,3,19,2,1,0.5,-37.8078088035,144.9689769129
7406,3,20,1,0,0.0,-37.8078088035,144.9689769129
7406,3,22,1,0,0.0,-37.8078088035,144.9689769129
7406,3,23,1,0,0.0,-37.8078088035,144.9689769129
7406,3,24,7,0,0.0,-37.8078088035,144.9689769129
7406,3,25,5,2,0.4,-37.8078088035,144.9689769129
7411,3,24,1,0,0.0,-37.81246596,144.97083976
7411,3,25,3,2,0.6667,-37.81246596,144.97083976
7412,3,15,2,0,0.0,-37.81535854,144.97080046
7412,3,21,1,0,0.0,-37.81535854,144.97080046
7412,3,25,1,0,0.0,-37.81535854,144.97080046
7412,3,37,1,1,1.0,-37.81535854,144.97080046
7413,3,23,2,0,0.0,-37.81276976,144.97089688
7413,3,24,1,0,0.0,-37.81276976,144.97089688
7415,3,21,1,0,0.0,-37.8171209917,144.9632833167
7415,3,23,1,0,0.0,-37.8171209917,144.9632833167
7415,3,25,1,0,0.0,-37.8171209917,144.9632833167
7416,3,24,3,1,0.3333,-37.8176802833,144.9628510167
7416,3,25,3,3,1.0,-37.8176802833,144.9628510167
7417,3,18,1,0,0.0,-37.81968856,144.9560455467
7417,3,21,1,0,0.0,-37.81968856,144.9560455467
7417,3,23,1,0,0.0,-37.81968856,144.9560455467
7417,3,24,3,1,0.3333,-37.81968856,144.9560455467
7417,3,25,4,1,0.25,-37.81968856,144.9560455467
7418,3,12,1,1,1.0,-37.8198220333,144.9556206067
7418,3,24,4,2,0.5,-37.8198220333,144.9556206067
7418,3,25,5,2,0.4,-37.8198220333,144.9556206067
7423,3,12,1,0,0.0,-37.8145769182,144.9734249455
7423,3,23,2,0,0.0,-37.8145769182,144.9734249455
7423,3,24,1,0,0.0,-37.8145769182,144.9734249455
7423,3,25,2,2,1.0,-37.8145769182,144.9734249455
7423,3,43,1,1,1.0,-37.8145769182,144.9734249455
7425,3,23,1,1,1.0,-37.81915733,144.958057615
7425,3,25,2,2,1.0,-37.81915733,144.958057615
7428,3,21,1,0,0.0,-37.8146281,144.9733033
7428,3,22,1,0,0.0,-37.8146281,144.9733033
7431,2,30,1,1,1.0,-37.8156456,144.9698242
7434,4,0,1,1,1.0,-37.818594175,144.9634217125
7434,3,23,1,0,0.0,-37.818594175,144.9634217125
7434,3,24,3,1,0.3333,-37.818594175,144.9634217125
7434,3,25,2,0,0.0,-37.818594175,144.9634217125
7436,3,18,1,0,0.0,-37.8163431909,144.9715370091
7436,3,22,1,0,0.0,-37.8163431909,144.9715370091
7436,3,23,2,0,0.0,-37.8163431909,144.9715370091
7436,6,23,1,1,1.0,-37.8163431909,144.9715370091
7436,3,24,1,0,0.0,-37.8163431909,144.9715370091
7436,3,25,2,0,0.0,-37.8163431909,144.9715370091
7438,3,18,1,0,0.0,-37.8208519375,144.9563705375
7438,3,21,1,0,0.0,-37.8208519375,144.9563705375
7438,3,22,1,0,0.0,-37.8208519375,144.9563705375
7438,3,23,2,0,0.0,-37.8208519375,144.9563705375
7438,3,24,2,0,0.0,-37.8208519375,144.9563705375
7438,3,25,3,2,0.6667,-37.8208519375,144.9563705375
7446,3,24,2,0,0.0,-37.8162389,144.97188739999999
7450,3,18,1,1,1.0,-37.8172182,144.9649522167
7450,1,24,1,1,1.0,-37.8172182,144.9649522167
7450,3,25,1,0,0.0,-37.8172182,144.9649522167
7450,2,39,1,1,1.0,-37.8172182,144.9649522167
7450,1,46,1,1,1.0,-37.8172182,144.9649522167
7451,3,23,1,0,0.0,-37.8168840182,144.9685204682
7451,3,24,1,0,0.0,-37.8168840182,144.9685204682
7451,3,25,5,4,0.8,-37.8168840182,144.9685204682
7452,3,24,2,2,1.0,-37.817189425,144.96757545
7452,3,25,2,2,1.0,-37.817189425,144.96757545
7452,5,40,1,1,1.0,-37.817189425,144.96757545
7454,3,20,1,0,0.0,-37.8157567875,144.9727862125
7454,3,24,2,1,0.5,-37.8157567875,144.9727862125
7454,3,25,1,1,1.0,-37.8157567875,144.9727862125
7455,3,14,1,0,0.0,-37.8184377444,144.9602921333
7455,3,22,2,0,0.0,-37.8184377444,144.9602921333
7455,3,23,1,0,0.0,-37.8184377444,144.9602921333
7455,3,25,1,0,0.0,-37.8184377444,144.9602921333
7457,3,13,1,0,0.0,-37.8188321,144.960039075
7457,3,23,1,0,0.0,-37.8188321,144.960039075
7457,3,24,1,0,0.0,-37.8188321,144.960039075
7457,3,25,1,0,0.0,-37.8188321,144.960039075
7458,3,14,1,0,0.0,-37.8180459143,144.9615463286
7458,3,15,1,0,0.0,-37.8180459143,144.9615463286
7458,2,27,1,0,0.0,-37.8180459143,144.9615463286
7458,2,30,1,0,0.0,-37.8180459143,144.9615463286
7459,3,15,1,1,1.0,-37.8183355,144.960940275
7459,0,29,1,1,1.0,-37.8183355,144.960940275
7459,2,30,1,0,0.0,-37.8183355,144.960940275
7474,3,20,2,1,0.5,-37.81890565,144.95689637
7474,3,21,1,0,0.0,-37.81890565,144.95689637
7474,3,22,1,0,0.0,-37.81890565,144.95689637
7474,3,23,1,0,0.0,-37.81890565,144.95689637
7474,3,24,4,0,0.0,-37.81890565,144.95689637
7474,3,25,2,0,0.0,-37.81890565,144.95689637
7476,3,24,1,1,1.0,-37.81861295,144.9568854
7476,3,25,1,0,0.0,-37.81861295,144.9568854
7478,3,20,1,0,0.0,-37.8199194455,144.9574958455
7478,3,25,2,0,0.0,-37.8199194455,144.9574958455
7479,3,22,1,0,0.0,-37.81961695,144.957349425
7479,3,23,1,0,0.0,-37.81961695,144.957349425
7479,3,24,1,1,1.0,-37.81961695,144.957349425
7480,3,32,1,1,1.0,-37.81974545,144.95716015
7480,3,33,1,1,1.0,-37.81974545,144.95716015
7485,3,20,1,1,1.0,-37.8168567813,144.9559420437
7485,3,21,1,1,1.0,-37.8168567813,144.9559420437
7485,3,22,1,0,0.0,-37.8168567813,144.9559420437
7485,3,23,4,0,0.0,-37.8168567813,144.9559420437
7485,3,24,4,0,0.0,-37.8168567813,144.9559420437
7485,3,25,1,0,0.0,-37.8168567813,144.9559420437
7485,2,29,1,1,1.0,-37.8168567813,144.9559420437
7485,3,31,1,1,1.0,-37.8168567813,144.9559420437
7486,3,24,2,1,0.5,-37.8169585,144.95597774
7486,3,25,3,1,0.3333,-37.8169585,144.95597774
7487,3,23,2,0,0.0,-37.8178263167,144.9561135667
7487,3,24,1,0,0.0,-37.8178263167,144.9561135667
7488,3,23,1,1,1.0,-37.8180350286,144.9562207
7488,3,24,1,1,1.0,-37.8180350286,144.9562207
7488,3,25,1,1,1.0,-37.8180350286,144.9562207
7497,1,20,1,0,0.0,-37.80853395,144.9669511714
7497,1,23,1,1,1.0,-37.80853395,144.9669511714
7498,3,14,1,0,0.0,-37.8121451364,144.9547632455
7498,3,17,1,0,0.0,-37.8121451364,144.9547632455
7498,3,19,1,0,0.0,-37.8121451364,144.9547632455
7498,3,21,1,0,0.0,-37.8121451364,144.9547632455
7498,3,22,2,0,0.0,-37.8121451364,144.9547632455
7498,3,24,1,0,0.0,-37.8121451364,144.9547632455
7498,3,25,4,0,0.0,-37.8121451364,144.9547632455
7500,3,21,1,0,0.0,-37.8114114667,144.9578132
7500,3,22,1,0,0.0,-37.8114114667,144.9578132
7500,3,24,1,0,0.0,-37.8114114667,144.9578132
7502,1,12,1,0,0.0,-37.8085441333,144.9659166
7502,1,21,1,1,1.0,-37.8085441333,144.9659166
7502,1,23,2,1,0.5,-37.8085441333,144.9659166
7503,3,20,1,1,1.0,-37.8103619718,144.9586783718
7503,3,21,1,1,1.0,-37.8103619718,144.9586783718
7503,3,25,3,1,0.3333,-37.8103619718,144.9586783718
7505,3,20,1,0,0.0,-37.81235335,144.965871425
7505,3,23,1,0,0.0,-37.81235335,144.965871425
7505,3,25,2,2,1.0,-37.81235335,144.965871425
7506,4,5,1,1,1.0,-37.8179076423,144.9545722269
7506,4,7,1,1,1.0,-37.8179076423,144.9545722269
7506,3,19,1,0,0.0,-37.8179076423,144.9545722269
7506,3,20,3,0,0.0,-37.8179076423,144.9545722269
7506,3,25,3,2,0.6667,-37.8179076423,144.9545722269
7507,3,23,1,1,1.0,-37.8141336875,144.9673789375
7507,3,24,2,1,0.5,-37.8141336875,144.9673789375
7507,3,25,4,0,0.0,-37.8141336875,144.9673789375
7508,3,24,1,1,1.0,-37.8143103,144.9667774
7508,3,25,1,1,1.0,-37.8143103,144.9667774
7509,1,21,1,1,1.0,-37.8078112,144.9701225
7509,1,23,1,0,0.0,-37.8078112,144.9701225
7510,3,24,2,0,0.0,-37.8121754,144.9662896571
7510,3,25,4,1,0.25,-37.8121754,144.9662896571
7512,3,24,3,0,0.0,-37.8123982091,144.9729384364
7512,3,25,2,2,1.0,-37.8123982091,144.9729384364
7514,3,21,1,0,0.0,-37.8128764389,144.9640642611
7514,3,23,1,1,1.0,-37.8128764389,144.9640642611
7514,3,24,2,1,0.5,-37.8128764389,144.9640642611
7514,3,25,7,2,0.2857,-37.8128764389,144.9640642611
7519,3,23,1,0,0.0,-37.814281,144.9592786
7520,2,15,1,1,1.0,-37.8059740839,144.9590512355
7520,2,21,2,2,1.0,-37.8059740839,144.9590512355
7520,3,27,1,1,1.0,-37.8059740839,144.9590512355
7520,2,28,1,1,1.0,-37.8059740839,144.9590512355
7520,1,35,1,1,1.0,-37.8059740839,144.9590512355
7520,4,42,1,1,1.0,-37.8059740839,144.9590512355
7522,3,21,1,0,0.0,-37.81429113,144.9593757
7522,3,25,2,2,1.0,-37.81429113,144.9593757
7527,3,15,1,0,0.0,-37.81629081,144.95990955
7527,3,23,1,0,0.0,-37.81629081,144.95990955
7527,3,24,4,0,0.0,-37.81629081,144.95990955
7527,3,25,1,0,0.0,-37.81629081,144.95990955
7528,3,13,1,0,0.0,-37.816293975,144.9599446062
7528,3,24,3,2,0.6667,-37.816293975,144.9599446062
7528,3,25,4,0,0.0,-37.816293975,144.9599446062
7528,1,38,1,1,1.0,-37.816293975,144.9599446062
7529,3,16,1,0,0.0,-37.813355555,144.9699133
7529,3,21,1,0,0.0,-37.813355555,144.9699133
7529,1,22,1,1,1.0,-37.813355555,144.9699133
7529,3,23,1,1,1.0,-37.813355555,144.9699133
7529,3,24,2,1,0.5,-37.813355555,144.9699133
7529,3,25,1,0,0.0,-37.813355555,144.9699133
7532,3,21,1,0,0.0,-37.8168088143,144.95796905
7532,3,22,2,0,0.0,-37.8168088143,144.95796905
7532,3,23,1,0,0.0,-37.8168088143,144.95796905
7532,3,24,1,0,0.0,-37.8168088143,144.95796905
7532,3,25,4,1,0.25,-37.8168088143,144.95796905
7533,3,18,1,0,0.0,-37.8128132286,144.9718731143
7533,3,23,1,0,0.0,-37.8128132286,144.9718731143
7533,3,24,2,0,0.0,-37.8128132286,144.9718731143
7533,3,25,1,0,0.0,-37.8128132286,144.9718731143
7534,3,22,1,0,0.0,-37.8169187692,144.9576605077
7534,3,24,3,0,0.0,-37.8169187692,144.9576605077
7534,3,25,6,1,0.1667,-37.8169187692,144.9576605077
7534,2,35,2,1,0.5,-37.8169187692,144.9576605077
7536,3,20,1,0,0.0,-37.81362145,144.9689842
7536,3,24,1,1,1.0,-37.81362145,144.9689842
7537,4,3,2,2,1.0,-37.8177348571,144.9551315486
7537,4,4,1,1,1.0,-37.8177348571,144.9551315486
7537,4,5,1,1,1.0,-37.8177348571,144.9551315486
7537,3,13,1,0,0.0,-37.8177348571,144.9551315486
7537,3,14,1,0,0.0,-37.8177348571,144.9551315486
7537,3,17,1,0,0.0,-37.8177348571,144.9551315486
7537,3,18,2,0,0.0,-37.8177348571,144.9551315486
7537,3,19,3,0,0.0,-37.8177348571,144.9551315486
7537,3,20,3,1,0.3333,-37.8177348571,144.9551315486
7537,3,21,1,0,0.0,-37.8177348571,144.9551315486
7537,3,23,1,0,0.0,-37.8177348571,144.9551315486
7537,3,24,1,0,0.0,-37.8177348571,144.9551315486
7537,3,25,2,1,0.5,-37.8177348571,144.9551315486
7537,3,28,1,1,1.0,-37.8177348571,144.9551315486
7538,3,16,1,1,1.0,-37.810642615,144.97162116
7538,3,21,1,0,0.0,-37.810642615,144.97162116
7538,3,23,1,0,0.0,-37.810642615,144.97162116
7538,3,24,5,2,0.4,-37.810642615,144.97162116
7538,3,25,3,1,0.3333,-37.810642615,144.97162116
7539,4,27,1,0,0.0,-37.8109691107,144.9605944143
7539,4,29,1,0,0.0,-37.8109691107,144.9605944143
7539,4,30,2,2,1.0,-37.8109691107,144.9605944143
7539,4,31,1,1,1.0,-37.8109691107,144.9605944143
7539,4,33,1,0,0.0,-37.8109691107,144.9605944143
7541,3,24,3,2,0.6667,-37.80925576,144.9694997
7541,3,25,2,1,0.5,-37.80925576,144.9694997
7542,3,12,1,0,0.0,-37.8124160062,144.9578830813
7542,3,18,1,0,0.0,-37.8124160062,144.9578830813
7542,3,23,1,0,0.0,-37.8124160062,144.9578830813
7542,3,24,3,0,0.0,-37.8124160062,144.9578830813
7542,3,25,1,0,0.0,-37.8124160062,144.9578830813
7545,3,25,1,0,0.0,-37.8125933,144.9572483
7547,3,4,1,1,1.0,-37.8131809308,144.9552916962
7547,3,15,1,0,0.0,-37.8131809308,144.9552916962
7547,3,16,1,0,0.0,-37.8131809308,144.9552916962
7547,2,17,1,1,1.0,-37.8131809308,144.9552916962
7547,3,18,1,0,0.0,-37.8131809308,144.9552916962
7547,6,18,1,1,1.0,-37.8131809308,144.9552916962
7547,3,19,2,0,0.0,-37.8131809308,144.9552916962
7547,3,20,2,1,0.5,-37.8131809308,144.9552916962
7547,3,21,1,0,0.0,-37.8131809308,144.9552916962
7547,3,22,3,0,0.0,-37.8131809308,144.9552916962
7547,3,23,2,0,0.0,-37.8131809308,144.9552916962
7547,3,24,5,4,0.8,-37.8131809308,144.9552916962
7547,3,25,4,2,0.5,-37.8131809308,144.9552916962
7548,3,14,1,0,0.0,-37.8087856769,144.9704174769
7548,3,17,1,0,0.0,-37.8087856769,144.9704174769
7548,3,18,1,0,0.0,-37.8087856769,144.9704174769
7548,3,21,2,0,0.0,-37.8087856769,144.9704174769
7548,3,22,3,0,0.0,-37.8087856769,144.9704174769
7548,3,24,1,0,0.0,-37.8087856769,144.9704174769
7548,3,25,2,2,1.0,-37.8087856769,144.9704174769
7549,4,16,1,0,0.0,-37.8101562739,144.9656647826
7549,2,17,5,2,0.4,-37.8101562739,144.9656647826
7549,2,18,9,3,0.3333,-37.8101562739,144.9656647826
7549,2,19,1,0,0.0,-37.8101562739,144.9656647826
7549,4,29,3,0,0.0,-37.8101562739,144.9656647826
7549,4,30,1,0,0.0,-37.8101562739,144.9656647826
7549,4,31,1,1,1.0,-37.8101562739,144.9656647826
7549,4,32,1,0,0.0,-37.8101562739,144.9656647826
7550,2,17,2,1,0.5,-37.8101386323,144.9641691032
7550,2,18,3,0,0.0,-37.8101386323,144.9641691032
7550,2,19,1,0,0.0,-37.8101386323,144.9641691032
7550,4,29,1,0,0.0,-37.8101386323,144.9641691032
7550,4,32,1,1,1.0,-37.8101386323,144.9641691032
7550,4,33,3,3,1.0,-37.8101386323,144.9641691032
7551,3,20,1,0,0.0,-37.81270041,144.9607439767
7551,3,21,2,0,0.0,-37.81270041,144.9607439767
7551,3,22,2,0,0.0,-37.81270041,144.9607439767
7551,3,23,4,0,0.0,-37.81270041,144.9607439767
7551,3,24,8,0,0.0,-37.81270041,144.9607439767
7551,3,25,4,1,0.25,-37.81270041,144.9607439767
7551,6,39,1,0,0.0,-37.81270041,144.9607439767
7552,3,20,1,0,0.0,-37.8129660615,144.9561604538
7552,3,23,1,1,1.0,-37.8129660615,144.9561604538
7552,3,24,5,5,1.0,-37.8129660615,144.9561604538
7552,0,29,1,1,1.0,-37.8129660615,144.9561604538
7553,3,25,3,0,0.0,-37.8129039333,144.9604246
7554,3,23,1,0,0.0,-37.8123984667,144.9614842333
7554,3,24,1,0,0.0,-37.8123984667,144.9614842333
7554,3,25,1,0,0.0,-37.8123984667,144.9614842333
7556,3,15,1,0,0.0,-37.8104192484,144.9685121903
7556,3,16,2,0,0.0,-37.8104192484,144.9685121903
7556,3,17,1,0,0.0,-37.8104192484,144.9685121903
7556,3,18,1,0,0.0,-37.8104192484,144.9685121903
7556,3,19,3,0,0.0,-37.8104192484,144.9685121903
7556,5,19,1,0,0.0,-37.8104192484,144.9685121903
7556,3,20,1,0,0.0,-37.8104192484,144.9685121903
7556,3,21,2,1,0.5,-37.8104192484,144.9685121903
7556,3,22,3,0,0.0,-37.8104192484,144.9685121903
7556,3,23,5,0,0.0,-37.8104192484,144.9685121903
7556,3,24,8,0,0.0,-37.8104192484,144.9685121903
7556,3,25,5,1,0.2,-37.8104192484,144.9685121903
7557,3,22,1,0,0.0,-37.8109400333,144.9664798667
7557,3,23,1,0,0.0,-37.8109400333,144.9664798667
7557,3,24,2,0,0.0,-37.8109400333,144.9664798667
7557,3,25,2,0,0.0,-37.8109400333,144.9664798667
7558,3,23,1,0,0.0,-37.8106699684,144.9678211632
7558,3,24,4,2,0.5,-37.8106699684,144.9678211632
7558,3,25,2,2,1.0,-37.8106699684,144.9678211632
7559,3,23,1,1,1.0,-37.81082027,144.97054679
7559,3,24,4,4,1.0,-37.81082027,144.97054679
7559,1,41,1,1,1.0,-37.81082027,144.97054679
7560,3,24,2,1,0.5,-37.80932449,144.96878784
7560,3,25,2,0,0.0,-37.80932449,144.96878784
7560,1,45,1,1,1.0,-37.80932449,144.96878784
7561,3,19,2,0,0.0,-37.80861555,144.9706109167
7561,3,22,1,0,0.0,-37.80861555,144.9706109167
7561,3,23,3,0,0.0,-37.80861555,144.9706109167
7561,3,24,2,0,0.0,-37.80861555,144.9706109167
7563,0,17,1,1,1.0,-37.808720975,144.9704962375
7563,3,23,1,1,1.0,-37.808720975,144.9704962375
7563,3,24,4,3,0.75,-37.808720975,144.9704962375
7563,3,25,2,1,0.5,-37.808720975,144.9704962375
7566,1,23,1,1,1.0,-37.8134273883,144.958494726
7566,3,23,1,1,1.0,-37.8134273883,144.958494726
7566,0,31,2,1,0.5,-37.8134273883,144.958494726
7566,0,32,6,6,1.0,-37.8134273883,144.958494726
7566,0,33,5,5,1.0,-37.8134273883,144.958494726
7566,0,34,5,4,0.8,-37.8134273883,144.958494726
7566,0,35,7,5,0.7143,-37.8134273883,144.958494726
7566,0,36,6,2,0.3333,-37.8134273883,144.958494726
7566,0,37,9,4,0.4444,-37.8134273883,144.958494726
7566,0,38,5,1,0.2,-37.8134273883,144.958494726
7566,0,39,1,0,0.0,-37.8134273883,144.958494726
7568,3,22,1,1,1.0,-37.8106943833,144.9679872333
7568,3,23,2,0,0.0,-37.8106943833,144.9679872333
7568,3,25,2,0,0.0,-37.8106943833,144.9679872333
7568,3,27,1,0,0.0,-37.8106943833,144.9679872333
7569,3,24,2,1,0.5,-37.8111235444,144.9664942222
7569,3,25,5,3,0.6,-37.8111235444,144.9664942222
7570,3,17,1,0,0.0,-37.8097460215,144.9708614754
7570,3,18,1,0,0.0,-37.8097460215,144.9708614754
7570,3,19,1,0,0.0,-37.8097460215,144.9708614754
7570,3,20,2,0,0.0,-37.8097460215,144.9708614754
7570,3,21,3,0,0.0,-37.8097460215,144.9708614754
7570,3,22,7,1,0.1429,-37.8097460215,144.9708614754
7570,3,23,10,1,0.1,-37.8097460215,144.9708614754
7570,3,24,10,1,0.1,-37.8097460215,144.9708614754
7570,3,25,2,0,0.0,-37.8097460215,144.9708614754
7571,0,20,1,0,0.0,-37.8143432657,144.9561003696
7571,0,22,1,0,0.0,-37.8143432657,144.9561003696
7571,5,23,1,1,1.0,-37.8143432657,144.9561003696
7571,0,25,1,0,0.0,-37.8143432657,144.9561003696
7571,0,30,1,0,0.0,-37.8143432657,144.9561003696
7571,0,32,1,0,0.0,-37.8143432657,144.9561003696
7571,0,33,1,1,1.0,-37.8143432657,144.9561003696
7571,0,34,3,0,0.0,-37.8143432657,144.9561003696
7571,0,35,1,0,0.0,-37.8143432657,144.9561003696
7571,0,36,8,0,0.0,-37.8143432657,144.9561003696
7571,0,37,2,0,0.0,-37.8143432657,144.9561003696
7571,0,38,8,3,0.375,-37.8143432657,144.9561003696
7571,0,39,5,3,0.6,-37.8143432657,144.9561003696
7572,3,24,1,1,1.0,-37.81004918,144.97051824
7572,3,25,3,2,0.6667,-37.81004918,144.97051824
7575,0,32,1,1,1.0,-37.8139995,144.9559434
7575,0,36,2,1,0.5,-37.8139995,144.9559434
7575,0,39,2,2,1.0,-37.8139995,144.9559434
7576,3,24,2,1,0.5,-37.8128322,144.9540130667
7576,3,25,2,1,0.5,-37.8128322,144.9540130667
7577,0,31,1,1,1.0,-37.81392045,144.95622265
7577,0,37,3,0,0.0,-37.81392045,144.95622265
7577,0,38,2,1,0.5,-37.81392045,144.95622265
7579,3,23,1,1,1.0,-37.8116467333,144.9720121667
7579,3,25,3,1,0.3333,-37.8116467333,144.9720121667
7584,3,20,1,0,0.0,-37.8481696692,144.9831296385
7584,3,21,1,0,0.0,-37.8481696692,144.9831296385
7584,3,22,1,0,0.0,-37.8481696692,144.9831296385
7584,3,23,1,1,1.0,-37.8481696692,144.9831296385
7584,3,24,5,2,0.4,-37.8481696692,144.9831296385
7584,3,25,2,0,0.0,-37.8481696692,144.9831296385
7586,3,14,1,0,0.0,-37.8481286962,144.9817598238
7586,3,18,1,0,0.0,-37.8481286962,144.9817598238
7586,3,20,2,0,0.0,-37.8481286962,144.9817598238
7586,3,21,3,0,0.0,-37.8481286962,144.9817598238
7586,3,22,5,0,0.0,-37.8481286962,144.9817598238
7586,3,24,1,0,0.0,-37.8481286962,144.9817598238
7586,3,25,5,3,0.6,-37.8481286962,144.9817598238
7586,2,39,1,1,1.0,-37.8481286962,144.9817598238
7591,3,24,1,0,0.0,-37.8165241,144.9612886
7592,3,18,2,0,0.0,-37.8182623467,144.9621685033
7592,3,21,1,0,0.0,-37.8182623467,144.9621685033
7592,3,22,3,0,0.0,-37.8182623467,144.9621685033
7592,3,23,3,0,0.0,-37.8182623467,144.9621685033
7592,3,24,7,0,0.0,-37.8182623467,144.9621685033
7592,3,25,6,1,0.1667,-37.8182623467,144.9621685033
7592,2,33,1,0,0.0,-37.8182623467,144.9621685033
7593,3,22,1,0,0.0,-37.8189052667,144.9621581
7593,3,24,2,1,0.5,-37.8189052667,144.9621581
7594,3,13,1,0,0.0,-37.8145278463,144.9607482561
7594,3,15,1,0,0.0,-37.8145278463,144.9607482561
7594,3,20,1,0,0.0,-37.8145278463,144.9607482561
7594,3,21,1,0,0.0,-37.8145278463,144.9607482561
7594,3,23,5,0,0.0,-37.8145278463,144.9607482561
7594,3,24,5,0,0.0,-37.8145278463,144.9607482561
7594,3,25,2,0,0.0,-37.8145278463,144.9607482561
7595,3,17,1,0,0.0,-37.8163363095,144.9613134952
7595,3,20,1,1,1.0,-37.8163363095,144.9613134952
7595,3,21,2,1,0.5,-37.8163363095,144.9613134952
7595,3,22,1,0,0.0,-37.8163363095,144.9613134952
7595,3,24,4,1,0.25,-37.8163363095,144.9613134952
7595,3,25,4,1,0.25,-37.8163363095,144.9613134952
7596,3,22,1,0,0.0,-37.8171570049,144.9619849415
7596,3,23,1,0,0.0,-37.8171570049,144.9619849415
7596,3,24,3,0,0.0,-37.8171570049,144.9619849415
7596,3,25,4,2,0.5,-37.8171570049,144.9619849415
7603,3,21,2,0,0.0,-37.8116240043,144.9626141087
7603,3,23,1,0,0.0,-37.8116240043,144.9626141087
7603,3,25,1,0,0.0,-37.8116240043,144.9626141087
7605,3,17,2,0,0.0,-37.8136263231,144.9600714577
7605,3,18,1,0,0.0,-37.8136263231,144.9600714577
7605,3,20,1,0,0.0,-37.8136263231,144.9600714577
7605,3,21,1,0,0.0,-37.8136263231,144.9600714577
7605,3,22,1,0,0.0,-37.8136263231,144.9600714577
7605,3,23,2,0,0.0,-37.8136263231,144.9600714577
7605,3,24,4,0,0.0,-37.8136263231,144.9600714577
7605,3,25,3,0,0.0,-37.8136263231,144.9600714577
7605,5,46,1,1,1.0,-37.8136263231,144.9600714577
7605,4,47,1,1,1.0,-37.8136263231,144.9600714577
7606,3,24,1,0,0.0,-37.8136344,144.95995575
7606,3,25,1,0,0.0,-37.8136344,144.95995575
7607,3,16,1,0,0.0,-37.8154797783,144.9609483087
7607,3,21,1,1,1.0,-37.8154797783,144.9609483087
7607,3,24,1,0,0.0,-37.8154797783,144.9609483087
7608,1,15,1,1,1.0,-37.81581795,144.9609624
7608,3,22,1,1,1.0,-37.81581795,144.9609624
7610,3,11,1,1,1.0,-37.8123571121,144.9593890424
7610,3,14,1,1,1.0,-37.8123571121,144.9593890424
7610,3,15,1,1,1.0,-37.8123571121,144.9593890424
7610,3,19,1,1,1.0,-37.8123571121,144.9593890424
7610,0,20,1,0,0.0,-37.8123571121,144.9593890424
7610,6,22,1,1,1.0,-37.8123571121,144.9593890424
7610,0,24,1,0,0.0,-37.8123571121,144.9593890424
7610,2,24,1,1,1.0,-37.8123571121,144.9593890424
7610,3,24,1,0,0.0,-37.8123571121,144.9593890424
7610,0,25,3,0,0.0,-37.8123571121,144.9593890424
7610,3,25,2,1,0.5,-37.8123571121,144.9593890424
7610,0,26,2,0,0.0,-37.8123571121,144.9593890424
7610,0,27,6,0,0.0,-37.8123571121,144.9593890424
7610,2,36,1,1,1.0,-37.8123571121,144.9593890424
7610,3,37,1,1,1.0,-37.8123571121,144.9593890424
7611,3,14,1,0,0.0,-37.81244695,144.9595436
7611,1,25,1,1,1.0,-37.81244695,144.9595436
7611,3,25,1,1,1.0,-37.81244695,144.9595436
7611,0,26,1,0,0.0,-37.81244695,144.9595436
7612,3,20,1,0,0.0,-37.8134045833,144.96010495
7612,3,23,3,0,0.0,-37.8134045833,144.96010495
7612,3,25,1,0,0.0,-37.8134045833,144.96010495
7614,3,13,2,0,0.0,-37.8114545147,144.9592886382
7614,3,21,1,0,0.0,-37.8114545147,144.9592886382
7614,3,22,3,0,0.0,-37.8114545147,144.9592886382
7614,3,23,2,0,0.0,-37.8114545147,144.9592886382
7614,3,24,5,1,0.2,-37.8114545147,144.9592886382
7614,3,25,2,1,0.5,-37.8114545147,144.9592886382
7615,3,25,1,1,1.0,-37.81142575,144.95920765
7615,4,39,1,1,1.0,-37.81142575,144.95920765
7621,3,20,1,0,0.0,-37.8139699241,144.9536411852
7621,3,21,2,0,0.0,-37.8139699241,144.9536411852
7621,3,23,1,1,1.0,-37.8139699241,144.9536411852
7621,3,24,6,3,0.5,-37.8139699241,144.9536411852
7621,3,25,2,2,1.0,-37.8139699241,144.9536411852
7621,1,36,1,1,1.0,-37.8139699241,144.9536411852
7622,3,23,1,1,1.0,-37.81413105,144.9545766
7622,3,25,1,1,1.0,-37.81413105,144.9545766
7623,3,24,1,0,0.0,-37.8173310667,144.9616613667
7623,3,25,2,1,0.5,-37.8173310667,144.9616613667
7624,3,22,3,0,0.0,-37.8130853824,144.9541801882
7624,3,23,1,0,0.0,-37.8130853824,144.9541801882
7624,3,24,4,2,0.5,-37.8130853824,144.9541801882
7624,3,25,2,1,0.5,-37.8130853824,144.9541801882
7625,3,19,1,0,0.0,-37.8122438111,144.9678126222
7625,3,22,1,0,0.0,-37.8122438111,144.9678126222
7625,3,25,1,0,0.0,-37.8122438111,144.9678126222
7625,1,28,1,0,0.0,-37.8122438111,144.9678126222
7625,1,29,1,0,0.0,-37.8122438111,144.9678126222
7625,1,30,1,1,1.0,-37.8122438111,144.9678126222
7626,3,24,1,0,0.0,-37.81221385,144.9677658167
7626,3,25,2,1,0.5,-37.81221385,144.9677658167
7626,1,30,2,1,0.5,-37.81221385,144.9677658167
7627,3,21,1,1,1.0,-37.8093428714,144.9666504286
7627,3,23,1,0,0.0,-37.8093428714,144.9666504286
7627,3,24,1,0,0.0,-37.8093428714,144.9666504286
7627,3,25,1,0,0.0,-37.8093428714,144.9666504286
7628,3,13,1,0,0.0,-37.8140839357,144.9687162393
7628,3,17,1,0,0.0,-37.8140839357,144.9687162393
7628,1,19,1,1,1.0,-37.8140839357,144.9687162393
7628,3,23,1,0,0.0,-37.8140839357,144.9687162393
7628,3,24,2,0,0.0,-37.8140839357,144.9687162393
7628,1,28,2,1,0.5,-37.8140839357,144.9687162393
7628,1,29,1,1,1.0,-37.8140839357,144.9687162393
7630,3,20,1,1,1.0,-37.8160117083,144.969553925
7630,3,22,1,0,0.0,-37.8160117083,144.969553925
7630,3,23,5,0,0.0,-37.8160117083,144.969553925
7630,3,24,1,0,0.0,-37.8160117083,144.969553925
7630,3,25,2,2,1.0,-37.8160117083,144.969553925
7631,0,15,1,1,1.0,-37.8164715125,144.9697051
7631,3,20,3,0,0.0,-37.8164715125,144.9697051
7633,3,25,2,1,0.5,-37.81116546,144.96733494
7633,1,30,2,2,1.0,-37.81116546,144.96733494
7633,1,31,1,0,0.0,-37.81116546,144.96733494
7634,3,16,2,0,0.0,-37.8114243061,144.9675896121
7634,1,17,1,0,0.0,-37.8114243061,144.9675896121
7634,2,17,1,0,0.0,-37.8114243061,144.9675896121
7634,6,17,1,0,0.0,-37.8114243061,144.9675896121
7634,3,18,4,3,0.75,-37.8114243061,144.9675896121
7634,3,24,2,0,0.0,-37.8114243061,144.9675896121
7634,3,25,1,0,0.0,-37.8114243061,144.9675896121
7634,1,28,1,0,0.0,-37.8114243061,144.9675896121
7634,1,29,3,0,0.0,-37.8114243061,144.9675896121
7634,1,30,5,1,0.2,-37.8114243061,144.9675896121
7634,2,33,1,0,0.0,-37.8114243061,144.9675896121
7635,3,15,1,0,0.0,-37.8092913,144.9666266
7635,3,24,1,0,0.0,-37.8092913,144.9666266
7635,3,25,2,0,0.0,-37.8092913,144.9666266
7636,3,15,1,0,0.0,-37.8154952125,144.9690921458
7636,3,21,1,0,0.0,-37.8154952125,144.9690921458
7636,3,22,2,0,0.0,-37.8154952125,144.9690921458
7636,3,23,1,0,0.0,-37.8154952125,144.9690921458
7636,3,24,3,0,0.0,-37.8154952125,144.9690921458
7636,3,25,1,0,0.0,-37.8154952125,144.9690921458
7637,3,24,2,0,0.0,-37.8151331,144.9690620333
7637,3,25,1,1,1.0,-37.8151331,144.9690620333
7638,3,12,1,0,0.0,-37.8133467267,144.9683724467
7638,3,14,1,0,0.0,-37.8133467267,144.9683724467
7638,3,15,1,0,0.0,-37.8133467267,144.9683724467
7638,3,16,1,0,0.0,-37.8133467267,144.9683724467
7638,3,19,1,0,0.0,-37.8133467267,144.9683724467
7638,3,21,1,0,0.0,-37.8133467267,144.9683724467
7638,3,22,2,0,0.0,-37.8133467267,144.9683724467
7638,3,23,4,1,0.25,-37.8133467267,144.9683724467
7638,3,24,2,0,0.0,-37.8133467267,144.9683724467
7638,3,25,3,1,0.3333,-37.8133467267,144.9683724467
7639,3,14,1,0,0.0,-37.8102331043,144.966989087
7639,1,21,1,0,0.0,-37.8102331043,144.966989087
7639,3,22,1,0,0.0,-37.8102331043,144.966989087
7639,3,23,4,0,0.0,-37.8102331043,144.966989087
7639,3,24,5,1,0.2,-37.8102331043,144.966989087
7639,3,25,4,0,0.0,-37.8102331043,144.966989087
7639,1,27,1,0,0.0,-37.8102331043,144.966989087
7639,2,44,1,0,0.0,-37.8102331043,144.966989087
7640,3,24,2,1,0.5,-37.81044655,144.967013125
7640,3,25,6,4,0.6667,-37.81044655,144.967013125
7642,0,25,1,1,1.0,-37.8156917091,144.9527982273
7642,3,25,3,0,0.0,-37.8156917091,144.9527982273
7643,3,23,3,1,0.3333,-37.8199332222,144.9546631111
7643,0,25,3,0,0.0,-37.8199332222,144.9546631111
7644,3,15,1,0,0.0,-37.8176305125,144.953540275
7644,3,24,2,0,0.0,-37.8176305125,144.953540275
7644,2,39,1,0,0.0,-37.8176305125,144.953540275
7645,3,18,1,0,0.0,-37.8125286188,144.9736220312
7645,3,20,2,0,0.0,-37.8125286188,144.9736220312
7645,3,23,3,0,0.0,-37.8125286188,144.9736220312
7645,3,24,1,0,0.0,-37.8125286188,144.9736220312
7645,3,25,1,1,1.0,-37.8125286188,144.9736220312
7646,3,23,1,1,1.0,-37.81722035,144.9535221
7646,3,24,1,1,1.0,-37.81722035,144.9535221
7646,3,25,1,1,1.0,-37.81722035,144.9535221
7647,3,15,1,0,0.0,-37.8099239933,144.9722969933
7647,3,20,1,0,0.0,-37.8099239933,144.9722969933
7647,3,22,1,0,0.0,-37.8099239933,144.9722969933
7647,3,23,3,0,0.0,-37.8099239933,144.9722969933
7647,3,24,6,1,0.1667,-37.8099239933,144.9722969933
7647,3,25,2,1,0.5,-37.8099239933,144.9722969933
7648,2,11,1,0,0.0,-37.8148752056,144.97494725
7648,3,19,1,0,0.0,-37.8148752056,144.97494725
7648,3,23,1,0,0.0,-37.8148752056,144.97494725
7648,3,24,1,0,0.0,-37.8148752056,144.97494725
7648,3,25,2,0,0.0,-37.8148752056,144.97494725
7648,4,27,1,1,1.0,-37.8148752056,144.97494725
7648,1,44,1,1,1.0,-37.8148752056,144.97494725
7649,3,13,1,0,0.0,-37.8088128447,144.9718503638
7649,2,18,1,0,0.0,-37.8088128447,144.9718503638
7649,3,18,1,0,0.0,-37.8088128447,144.9718503638
7649,3,20,2,0,0.0,-37.8088128447,144.9718503638
7649,3,21,1,0,0.0,-37.8088128447,144.9718503638
7649,3,22,5,0,0.0,-37.8088128447,144.9718503638
7649,3,23,2,0,0.0,-37.8088128447,144.9718503638
7649,3,24,6,0,0.0,-37.8088128447,144.9718503638
7649,3,25,4,0,0.0,-37.8088128447,144.9718503638
7659,3,23,2,0,0.0,-37.81398714,144.97417418
7659,3,24,1,0,0.0,-37.81398714,144.97417418
7659,3,25,1,0,0.0,-37.81398714,144.97417418
7660,3,17,1,0,0.0,-37.8129279,144.97364845
7660,3,24,1,0,0.0,-37.8129279,144.97364845
7672,3,22,1,1,1.0,-37.8086222667,144.9716681
7672,3,24,1,1,1.0,-37.8086222667,144.9716681
7672,3,25,1,0,0.0,-37.8086222667,144.9716681
7674,6,18,1,0,0.0,-37.8142358684,144.9687567026
7674,4,19,1,1,1.0,-37.8142358684,144.9687567026
7674,6,19,3,1,0.3333,-37.8142358684,144.9687567026
7674,1,20,1,1,1.0,-37.8142358684,144.9687567026
7674,3,25,1,0,0.0,-37.8142358684,144.9687567026
7674,1,27,4,0,0.0,-37.8142358684,144.9687567026
7674,1,28,3,1,0.3333,-37.8142358684,144.9687567026
7674,1,29,6,3,0.5,-37.8142358684,144.9687567026
7674,1,31,1,0,0.0,-37.8142358684,144.9687567026
7676,3,24,1,0,0.0,-37.813232,144.9600262
7676,3,25,1,0,0.0,-37.813232,144.9600262
7686,3,23,1,1,1.0,-37.8192591053,144.9539425684
7686,3,24,1,0,0.0,-37.8192591053,144.9539425684
7686,3,25,2,2,1.0,-37.8192591053,144.9539425684
7689,3,22,2,0,0.0,-37.814380525,144.960551275
7689,3,24,1,0,0.0,-37.814380525,144.960551275
7689,3,25,1,0,0.0,-37.814380525,144.960551275
7690,3,25,3,1,0.3333,-37.8139168111,144.9608686
7692,2,28,1,0,0.0,-37.8187039143,144.9591285929
7692,2,29,1,0,0.0,-37.8187039143,144.9591285929
7695,2,24,1,0,0.0,-37.8182877,144.95932525
7695,2,29,1,1,1.0,-37.8182877,144.95932525
7696,3,15,1,0,0.0,-37.8183905333,144.9623940667
7696,3,23,1,0,0.0,-37.8183905333,144.9623940667
7696,3,25,1,1,1.0,-37.8183905333,144.9623940667
7697,1,21,1,1,1.0,-37.81816198,144.96228888
7697,3,25,4,2,0.5,-37.81816198,144.96228888
7705,3,19,1,0,0.0,-37.8105935125,144.9568342344
7705,3,22,1,0,0.0,-37.8105935125,144.9568342344
7705,3,23,2,0,0.0,-37.8105935125,144.9568342344
7705,3,24,3,0,0.0,-37.8105935125,144.9568342344
7706,3,25,1,1,1.0,-37.811212,144.9573867
7708,3,13,1,0,0.0,-37.801658796,144.9548695663
7708,3,19,3,0,0.0,-37.801658796,144.9548695663
7708,3,20,1,0,0.0,-37.801658796,144.9548695663
7708,4,20,1,0,0.0,-37.801658796,144.9548695663
7708,5,20,1,0,0.0,-37.801658796,144.9548695663
7708,3,22,2,0,0.0,-37.801658796,144.9548695663
7708,3,23,3,0,0.0,-37.801658796,144.9548695663
7708,3,24,3,0,0.0,-37.801658796,144.9548695663
7708,3,25,2,0,0.0,-37.801658796,144.9548695663
7708,4,25,1,1,1.0,-37.801658796,144.9548695663
7708,0,30,1,0,0.0,-37.801658796,144.9548695663
7708,6,40,1,0,0.0,-37.801658796,144.9548695663
7708,6,45,1,0,0.0,-37.801658796,144.9548695663
7712,4,13,1,1,1.0,-37.8040670643,144.9548011357
7712,4,14,1,1,1.0,-37.8040670643,144.9548011357
7712,4,15,1,1,1.0,-37.8040670643,144.9548011357
7712,4,16,1,1,1.0,-37.8040670643,144.9548011357
7712,4,18,2,1,0.5,-37.8040670643,144.9548011357
7712,4,19,1,0,0.0,-37.8040670643,144.9548011357
7712,5,23,1,1,1.0,-37.8040670643,144.9548011357
7712,0,25,1,0,0.0,-37.8040670643,144.9548011357
7712,4,25,1,0,0.0,-37.8040670643,144.9548011357
7712,0,26,3,1,0.3333,-37.8040670643,144.9548011357
7712,6,26,3,2,0.6667,-37.8040670643,144.9548011357
7712,0,28,1,0,0.0,-37.8040670643,144.9548011357
7712,0,31,1,0,0.0,-37.8040670643,144.9548011357
7712,3,35,1,0,0.0,-37.8040670643,144.9548011357
7716,3,16,1,1,1.0,-37.8055198877,144.9577019677
7716,3,20,2,0,0.0,-37.8055198877,144.9577019677
7716,3,22,2,0,0.0,-37.8055198877,144.9577019677
7716,3,23,2,0,0.0,-37.8055198877,144.9577019677
7716,3,24,8,5,0.625,-37.8055198877,144.9577019677
7716,5,24,1,0,0.0,-37.8055198877,144.9577019677
7716,3,25,5,3,0.6,-37.8055198877,144.9577019677
7716,2,42,1,1,1.0,-37.8055198877,144.9577019677
7716,2,44,2,2,1.0,-37.8055198877,144.9577019677
7716,2,46,1,1,1.0,-37.8055198877,144.9577019677
7716,2,47,1,1,1.0,-37.8055198877,144.9577019677
7718,3,24,1,1,1.0,-37.8048466333,144.9554348667
7718,1,32,2,2,1.0,-37.8048466333,144.9554348667
7719,3,24,1,0,0.0,-37.8023135167,144.9562092
7719,3,25,1,1,1.0,-37.8023135167,144.9562092
7720,3,12,1,0,0.0,-37.79867124,144.9517707743
7720,3,17,1,0,0.0,-37.79867124,144.9517707743
7720,3,19,1,0,0.0,-37.79867124,144.9517707743
7720,3,20,1,0,0.0,-37.79867124,144.9517707743
7720,3,21,3,0,0.0,-37.79867124,144.9517707743
7720,3,23,1,0,0.0,-37.79867124,144.9517707743
7720,3,24,3,2,0.6667,-37.79867124,144.9517707743
7720,3,25,1,1,1.0,-37.79867124,144.9517707743
7720,2,39,1,0,0.0,-37.79867124,144.9517707743
7720,2,40,1,0,0.0,-37.79867124,144.9517707743
7720,1,41,1,0,0.0,-37.79867124,144.9517707743
7720,1,42,1,0,0.0,-37.79867124,144.9517707743
7721,2,3,1,1,1.0,-37.8048987349,144.9572326494
7721,3,9,1,0,0.0,-37.8048987349,144.9572326494
7721,3,15,1,1,1.0,-37.8048987349,144.9572326494
7721,3,16,3,2,0.6667,-37.8048987349,144.9572326494
7721,0,17,1,0,0.0,-37.8048987349,144.9572326494
7721,3,17,1,0,0.0,-37.8048987349,144.9572326494
7721,3,18,1,0,0.0,-37.8048987349,144.9572326494
7721,3,19,1,1,1.0,-37.8048987349,144.9572326494
7721,3,20,1,1,1.0,-37.8048987349,144.9572326494
7721,2,23,1,0,0.0,-37.8048987349,144.9572326494
7721,3,23,3,1,0.3333,-37.8048987349,144.9572326494
7721,4,23,1,0,0.0,-37.8048987349,144.9572326494
7721,3,24,10,5,0.5,-37.8048987349,144.9572326494
7721,0,25,1,0,0.0,-37.8048987349,144.9572326494
7721,1,25,1,0,0.0,-37.8048987349,144.9572326494
7721,3,25,3,1,0.3333,-37.8048987349,144.9572326494
7721,0,30,1,0,0.0,-37.8048987349,144.9572326494
7721,5,30,1,1,1.0,-37.8048987349,144.9572326494
7721,2,32,1,0,0.0,-37.8048987349,144.9572326494
7721,5,35,1,0,0.0,-37.8048987349,144.9572326494
7721,1,36,1,0,0.0,-37.8048987349,144.9572326494
7721,2,40,3,3,1.0,-37.8048987349,144.9572326494
7721,6,40,1,0,0.0,-37.8048987349,144.9572326494
7721,2,41,2,2,1.0,-37.8048987349,144.9572326494
7721,6,43,1,1,1.0,-37.8048987349,144.9572326494
7721,2,46,1,1,1.0,-37.8048987349,144.9572326494
7721,2,47,1,1,1.0,-37.8048987349,144.9572326494
7722,3,24,2,0,0.0,-37.8025220018,144.9474787728
7722,3,25,3,1,0.3333,-37.8025220018,144.9474787728
7725,6,10,1,1,1.0,-37.8041152508,144.9495144169
7725,3,14,1,1,1.0,-37.8041152508,144.9495144169
7725,1,18,1,0,0.0,-37.8041152508,144.9495144169
7725,3,21,1,0,0.0,-37.8041152508,144.9495144169
7725,3,23,2,0,0.0,-37.8041152508,144.9495144169
7725,3,24,9,3,0.3333,-37.8041152508,144.9495144169
7725,3,25,10,4,0.4,-37.8041152508,144.9495144169
7725,5,29,1,1,1.0,-37.8041152508,144.9495144169
7725,6,29,1,1,1.0,-37.8041152508,144.9495144169
7726,6,15,1,0,0.0,-37.79988175,144.9562996909
7726,1,18,1,1,1.0,-37.79988175,144.9562996909
7726,3,21,1,0,0.0,-37.79988175,144.9562996909
7726,3,24,1,0,0.0,-37.79988175,144.9562996909
7726,1,44,1,0,0.0,-37.79988175,144.9562996909
7727,3,20,1,0,0.0,-37.8007161722,144.95722715
7727,3,22,1,0,0.0,-37.8007161722,144.95722715
7727,3,23,2,0,0.0,-37.8007161722,144.95722715
7727,2,29,1,1,1.0,-37.8007161722,144.95722715
7727,3,40,1,1,1.0,-37.8007161722,144.95722715
7728,3,16,1,0,0.0,-37.7975924509,144.9529254075
7728,3,24,2,0,0.0,-37.7975924509,144.9529254075
7728,3,25,2,2,1.0,-37.7975924509,144.9529254075
7733,3,24,3,0,0.0,-37.80445226,144.94947646
7733,3,25,1,0,0.0,-37.80445226,144.94947646
7739,2,18,1,0,0.0,-37.804383809,144.9514864649
7739,3,18,1,0,0.0,-37.804383809,144.9514864649
7739,3,20,1,1,1.0,-37.804383809,144.9514864649
7739,3,23,2,0,0.0,-37.804383809,144.9514864649
7739,3,24,3,1,0.3333,-37.804383809,144.9514864649
7739,3,25,4,0,0.0,-37.804383809,144.9514864649
7739,1,30,1,0,0.0,-37.804383809,144.9514864649
7739,0,33,1,0,0.0,-37.804383809,144.9514864649
7739,1,34,1,0,0.0,-37.804383809,144.9514864649
7739,2,34,1,0,0.0,-37.804383809,144.9514864649
7739,2,36,1,0,0.0,-37.804383809,144.9514864649
7739,3,36,1,0,0.0,-37.804383809,144.9514864649
7739,1,40,1,0,0.0,-37.804383809,144.9514864649
7739,4,42,1,0,0.0,-37.804383809,144.9514864649
7739,1,43,1,0,0.0,-37.804383809,144.9514864649
7740,3,1,1,0,0.0,-37.8036105,144.950999
7740,3,21,1,1,1.0,-37.8036105,144.950999
7740,3,24,2,1,0.5,-37.8036105,144.950999
7740,0,33,1,0,0.0,-37.8036105,144.950999
7748,3,14,1,1,1.0,-37.8024902509,144.9509463983
7748,3,15,1,1,1.0,-37.8024902509,144.9509463983
7748,3,21,2,0,0.0,-37.8024902509,144.9509463983
7748,3,23,2,1,0.5,-37.8024902509,144.9509463983
7748,3,24,6,2,0.3333,-37.8024902509,144.9509463983
7748,3,25,4,2,0.5,-37.8024902509,144.9509463983
7752,4,12,1,1,1.0,-37.8052231211,144.9540890667
7752,4,15,1,1,1.0,-37.8052231211,144.9540890667
7752,0,26,3,2,0.6667,-37.8052231211,144.9540890667
7752,6,27,1,1,1.0,-37.8052231211,144.9540890667
7752,4,28,1,0,0.0,-37.8052231211,144.9540890667
7752,0,30,2,1,0.5,-37.8052231211,144.9540890667
7752,3,46,1,1,1.0,-37.8052231211,144.9540890667
7753,3,2,1,1,1.0,-37.805662415,144.9481948083
7753,3,20,1,1,1.0,-37.805662415,144.9481948083
7753,3,23,2,1,0.5,-37.805662415,144.9481948083
7753,3,24,5,1,0.2,-37.805662415,144.9481948083
7753,3,25,1,0,0.0,-37.805662415,144.9481948083
7753,3,32,8,8,1.0,-37.805662415,144.9481948083
7753,3,33,2,2,1.0,-37.805662415,144.9481948083
7753,3,34,3,3,1.0,-37.805662415,144.9481948083
7753,3,35,2,2,1.0,-37.805662415,144.9481948083
7753,2,36,1,0,0.0,-37.805662415,144.9481948083
7753,4,36,1,1,1.0,-37.805662415,144.9481948083
7753,3,37,1,1,1.0,-37.805662415,144.9481948083
7757,3,21,1,0,0.0,-37.7996677231,144.9529964241
7757,3,22,2,0,0.0,-37.7996677231,144.9529964241
7757,3,23,6,1,0.1667,-37.7996677231,144.9529964241
7757,3,24,2,0,0.0,-37.7996677231,144.9529964241
7757,3,25,5,2,0.4,-37.7996677231,144.9529964241
7762,3,23,2,0,0.0,-37.8099176,144.9706373
7762,3,24,1,0,0.0,-37.8099176,144.9706373
7763,3,23,1,0,0.0,-37.8096392333,144.9709114
7763,3,24,2,0,0.0,-37.8096392333,144.9709114
7763,3,25,3,3,1.0,-37.8096392333,144.9709114
7764,3,23,2,0,0.0,-37.80970425,144.970690375
7764,3,25,2,1,0.5,-37.80970425,144.970690375
7765,3,24,1,0,0.0,-37.81209895,144.9625163
7765,3,25,1,0,0.0,-37.81209895,144.9625163
7766,3,13,1,0,0.0,-37.8006877364,144.953720267
7766,1,16,1,1,1.0,-37.8006877364,144.953720267
7766,3,20,2,0,0.0,-37.8006877364,144.953720267
7766,3,21,3,0,0.0,-37.8006877364,144.953720267
7766,3,22,1,0,0.0,-37.8006877364,144.953720267
7766,3,23,3,0,0.0,-37.8006877364,144.953720267
7766,3,25,3,1,0.3333,-37.8006877364,144.953720267
7766,4,47,1,1,1.0,-37.8006877364,144.953720267
7767,0,27,1,1,1.0,-37.81318695,144.95877325
7767,0,28,1,1,1.0,-37.81318695,144.95877325
7767,0,38,2,2,1.0,-37.81318695,144.95877325
7768,0,28,1,1,1.0,-37.8131892,144.95876586
7768,0,29,1,0,0.0,-37.8131892,144.95876586
7768,0,31,1,1,1.0,-37.8131892,144.95876586
7768,0,33,1,1,1.0,-37.8131892,144.95876586
7768,0,34,1,1,1.0,-37.8131892,144.95876586
7768,0,35,1,1,1.0,-37.8131892,144.95876586
7768,0,36,1,1,1.0,-37.8131892,144.95876586
7768,0,37,1,1,1.0,-37.8131892,144.95876586
7768,0,38,2,1,0.5,-37.8131892,144.95876586
7769,3,24,2,1,0.5,-37.8123540333,144.9613149
7769,3,25,4,2,0.5,-37.8123540333,144.9613149
7770,0,23,1,0,0.0,-37.8121223,144.9631124
7770,0,26,2,1,0.5,-37.8121223,144.9631124
7772,3,22,2,0,0.0,-37.8113873909,144.9651966636
7772,3,25,1,0,0.0,-37.8113873909,144.9651966636
7779,0,21,1,0,0.0,-37.8120118,144.9634919
7780,3,19,1,0,0.0,-37.8128294,144.9606802333
7780,3,22,1,0,0.0,-37.8128294,144.9606802333
7780,3,23,1,0,0.0,-37.8128294,144.9606802333
7792,3,24,2,0,0.0,-37.8176581,144.9541642
7800,0,20,1,0,0.0,-37.796792191,144.9572936654
7800,6,23,1,0,0.0,-37.796792191,144.9572936654
7800,6,24,1,0,0.0,-37.796792191,144.9572936654
7800,4,41,1,0,0.0,-37.796792191,144.9572936654
7800,4,42,1,0,0.0,-37.796792191,144.9572936654
7910,3,9,1,0,0.0,-37.843880235,144.9791112592
7910,3,16,2,0,0.0,-37.843880235,144.9791112592
7910,3,22,2,0,0.0,-37.843880235,144.9791112592
7910,3,23,2,0,0.0,-37.843880235,144.9791112592
7910,3,24,6,0,0.0,-37.843880235,144.9791112592
7910,3,25,5,2,0.4,-37.843880235,144.9791112592
7922,4,18,1,1,1.0,-37.8067247308,144.9550295077
7922,6,20,1,0,0.0,-37.8067247308,144.9550295077
7922,4,22,1,0,0.0,-37.8067247308,144.9550295077
7922,0,26,1,0,0.0,-37.8067247308,144.9550295077
7922,4,26,1,1,1.0,-37.8067247308,144.9550295077
7922,6,26,1,0,0.0,-37.8067247308,144.9550295077
7922,0,28,1,1,1.0,-37.8067247308,144.9550295077
7922,3,38,1,0,0.0,-37.8067247308,144.9550295077
7922,2,40,1,0,0.0,-37.8067247308,144.9550295077
7922,3,42,1,1,1.0,-37.8067247308,144.9550295077
7923,2,1,1,1,1.0,-37.8067086522,144.955026103
7923,4,1,1,1,1.0,-37.8067086522,144.955026103
7923,4,2,1,1,1.0,-37.8067086522,144.955026103
7923,4,3,1,1,1.0,-37.8067086522,144.955026103
7923,4,15,1,1,1.0,-37.8067086522,144.955026103
7923,4,18,2,0,0.0,-37.8067086522,144.955026103
7923,6,18,1,0,0.0,-37.8067086522,144.955026103
7923,4,19,2,0,0.0,-37.8067086522,144.955026103
7923,4,20,1,0,0.0,-37.8067086522,144.955026103
7923,4,21,1,0,0.0,-37.8067086522,144.955026103
7923,4,23,2,0,0.0,-37.8067086522,144.955026103
7923,6,23,1,0,0.0,-37.8067086522,144.955026103
7923,6,24,3,0,0.0,-37.8067086522,144.955026103
7923,6,25,3,0,0.0,-37.8067086522,144.955026103
7923,6,26,2,0,0.0,-37.8067086522,144.955026103
7923,0,27,1,1,1.0,-37.8067086522,144.955026103
7923,1,27,1,1,1.0,-37.8067086522,144.955026103
7923,0,28,1,1,1.0,-37.8067086522,144.955026103
7923,4,29,2,2,1.0,-37.8067086522,144.955026103
7923,0,30,1,1,1.0,-37.8067086522,144.955026103
7923,4,30,1,0,0.0,-37.8067086522,144.955026103
7923,3,38,1,1,1.0,-37.8067086522,144.955026103
7923,3,39,1,0,0.0,-37.8067086522,144.955026103
7923,3,42,1,1,1.0,-37.8067086522,144.955026103
7923,3,44,1,1,1.0,-37.8067086522,144.955026103
7923,3,45,1,1,1.0,-37.8067086522,144.955026103
7924,3,0,1,1,1.0,-37.8062567161,144.9515974056
7924,6,5,1,1,1.0,-37.8062567161,144.9515974056
7924,3,13,2,2,1.0,-37.8062567161,144.9515974056
7924,3,15,1,1,1.0,-37.8062567161,144.9515974056
7924,3,16,1,1,1.0,-37.8062567161,144.9515974056
7924,3,17,2,1,0.5,-37.8062567161,144.9515974056
7924,3,18,1,1,1.0,-37.8062567161,144.9515974056
7924,4,19,1,0,0.0,-37.8062567161,144.9515974056
7924,0,21,1,0,0.0,-37.8062567161,144.9515974056
7924,2,21,1,1,1.0,-37.8062567161,144.9515974056
7924,2,22,2,1,0.5,-37.8062567161,144.9515974056
7924,2,24,1,1,1.0,-37.8062567161,144.9515974056
7924,6,33,1,1,1.0,-37.8062567161,144.9515974056
7924,0,35,1,1,1.0,-37.8062567161,144.9515974056
7930,1,19,3,0,0.0,-37.8103173709,144.9488506137
7930,1,20,2,1,0.5,-37.8103173709,144.9488506137
7930,1,24,4,1,0.25,-37.8103173709,144.9488506137
7930,1,27,1,1,1.0,-37.8103173709,144.9488506137
7930,1,29,1,0,0.0,-37.8103173709,144.9488506137
7936,0,17,1,0,0.0,-37.8124784395,144.9499040072
7936,0,18,1,0,0.0,-37.8124784395,144.9499040072
7936,0,21,1,1,1.0,-37.8124784395,144.9499040072
7936,0,22,1,1,1.0,-37.8124784395,144.9499040072
7938,4,16,1,1,1.0,-37.8129456843,144.9505712277
7938,4,19,1,0,0.0,-37.8129456843,144.9505712277
7938,6,23,1,1,1.0,-37.8129456843,144.9505712277
7938,1,29,2,2,1.0,-37.8129456843,144.9505712277
7938,1,30,2,2,1.0,-37.8129456843,144.9505712277
7938,1,32,2,0,0.0,-37.8129456843,144.9505712277
7938,2,37,1,0,0.0,-37.8129456843,144.9505712277
7939,3,19,2,2,1.0,-37.8102417337,144.9520238048
7939,6,22,1,1,1.0,-37.8102417337,144.9520238048
7939,3,24,1,1,1.0,-37.8102417337,144.9520238048
7939,2,33,1,1,1.0,-37.8102417337,144.9520238048
7939,2,34,1,1,1.0,-37.8102417337,144.9520238048
7939,2,36,2,2,1.0,-37.8102417337,144.9520238048
7939,3,38,1,1,1.0,-37.8102417337,144.9520238048
7939,6,39,1,1,1.0,-37.8102417337,144.9520238048
7939,6,41,1,1,1.0,-37.8102417337,144.9520238048
7939,6,42,1,1,1.0,-37.8102417337,144.9520238048
7948,3,20,1,0,0.0,-37.81307835,144.9530312125
7948,3,24,1,1,1.0,-37.81307835,144.9530312125
7948,3,25,1,1,1.0,-37.81307835,144.9530312125
7949,3,21,1,0,0.0,-37.8119404611,144.9543184778
7949,3,24,1,1,1.0,-37.8119404611,144.9543184778
7949,3,25,3,2,0.6667,-37.8119404611,144.9543184778
7951,4,20,1,1,1.0,-37.8113387333,144.9520583
7951,6,24,1,0,0.0,-37.8113387333,144.9520583
7952,1,32,2,0,0.0,-37.8049467,144.955318
7952,1,45,1,1,1.0,-37.8049467,144.955318
7985,0,8,1,1,1.0,-37.8081856406,144.9524023854
7985,4,8,1,0,0.0,-37.8081856406,144.9524023854
7985,4,11,1,1,1.0,-37.8081856406,144.9524023854
7985,4,17,2,1,0.5,-37.8081856406,144.9524023854
7985,2,18,1,1,1.0,-37.8081856406,144.9524023854
7985,4,19,3,1,0.3333,-37.8081856406,144.9524023854
7985,1,21,1,0,0.0,-37.8081856406,144.9524023854
7985,3,25,1,1,1.0,-37.8081856406,144.9524023854
7985,2,28,1,1,1.0,-37.8081856406,144.9524023854
7985,3,45,1,1,1.0,-37.8081856406,144.9524023854
7985,3,46,1,1,1.0,-37.8081856406,144.9524023854
7986,2,12,1,1,1.0,-37.8083363128,144.9546307128
7986,2,18,1,1,1.0,-37.8083363128,144.9546307128
7986,2,19,2,2,1.0,-37.8083363128,144.9546307128
7986,1,43,1,1,1.0,-37.8083363128,144.9546307128
7988,4,12,1,1,1.0,-37.8067894595,144.9536936392
7988,4,17,2,2,1.0,-37.8067894595,144.9536936392
7988,4,18,1,1,1.0,-37.8067894595,144.9536936392
7988,3,27,1,1,1.0,-37.8067894595,144.9536936392
7988,3,31,1,1,1.0,-37.8067894595,144.9536936392
7988,3,34,1,1,1.0,-37.8067894595,144.9536936392
7988,3,35,1,0,0.0,-37.8067894595,144.9536936392
7988,3,36,1,1,1.0,-37.8067894595,144.9536936392
7993,2,10,1,1,1.0,-37.8069175455,144.9541875481
7993,4,14,1,0,0.0,-37.8069175455,144.9541875481
7993,4,17,2,1,0.5,-37.8069175455,144.9541875481
7993,2,18,1,0,0.0,-37.8069175455,144.9541875481
7993,1,27,1,1,1.0,-37.8069175455,144.9541875481
7993,2,28,1,0,0.0,-37.8069175455,144.9541875481
7993,1,30,1,1,1.0,-37.8069175455,144.9541875481
7993,3,37,2,1,0.5,-37.8069175455,144.9541875481
7993,0,38,1,0,0.0,-37.8069175455,144.9541875481
7993,3,38,1,0,0.0,-37.8069175455,144.9541875481
7993,3,40,1,1,1.0,-37.8069175455,144.9541875481
7993,1,41,2,2,1.0,-37.8069175455,144.9541875481
7993,2,41,1,1,1.0,-37.8069175455,144.9541875481
7993,1,42,1,1,1.0,-37.8069175455,144.9541875481
7993,3,42,1,0,0.0,-37.8069175455,144.9541875481
7993,1,44,1,1,1.0,-37.8069175455,144.9541875481
7993,2,44,1,1,1.0,-37.8069175455,144.9541875481
7995,1,25,1,1,1.0,-37.8076547,144.9544222
