Zone_Number,dow,slot_30,total_obs,unoccupied,availability_rate
7010,3,25,1,0,0.0
7010,4,17,2,0,0.0
7010,4,19,2,0,0.0
7010,4,20,2,0,0.0
7010,4,21,1,0,0.0
7010,4,24,1,1,1.0
7014,3,19,1,0,0.0
7014,3,30,2,0,0.0
7014,3,32,1,0,0.0
7018,4,16,1,0,0.0
7018,4,24,1,1,1.0
7018,4,25,1,1,1.0
7019,2,16,1,0,0.0
7025,0,17,3,2,0.6667
7025,1,39,1,0,0.0
7025,1,47,2,2,1.0
7025,2,30,1,1,1.0
7025,3,21,1,0,0.0
7049,0,25,1,1,1.0
7049,0,31,1,0,0.0
7049,0,36,1,0,0.0
7049,0,42,1,0,0.0
7049,1,15,1,1,1.0
7049,1,21,1,1,1.0
7049,1,22,1,0,0.0
7049,1,23,1,0,0.0
7049,1,24,1,0,0.0
7049,1,26,1,1,1.0
7049,1,28,1,1,1.0
7049,4,46,1,0,0.0
7049,6,20,1,1,1.0
7053,0,33,1,0,0.0
7053,1,15,1,1,1.0
7053,1,20,1,0,0.0
7053,1,25,2,1,0.5
7053,1,26,2,1,0.5
7053,3,31,1,0,0.0
7053,4,36,1,0,0.0
7053,5,15,1,0,0.0
7053,5,30,1,0,0.0
7053,6,23,1,0,0.0
7053,6,42,1,0,0.0
7076,1,39,1,1,1.0
7076,3,9,1,1,1.0
7076,3,15,1,1,1.0
7076,3,17,1,1,1.0
7076,3,18,1,0,0.0
7076,3,20,1,0,0.0
7076,3,44,1,1,1.0
7076,4,16,1,0,0.0
7076,4,20,1,0,0.0
7076,4,23,1,0,0.0
7076,4,25,2,1,0.5
7076,4,26,3,2,0.6667
7076,4,27,4,0,0.0
7081,0,15,1,1,1.0
7081,0,21,1,1,1.0
7081,0,30,1,0,0.0
7081,4,3,1,1,1.0
7081,5,21,1,1,1.0
7084,2,35,1,1,1.0
7084,2,39,1,1,1.0
7084,2,42,1,1,1.0
7084,3,8,1,1,1.0
7084,3,18,1,1,1.0
7084,3,20,1,1,1.0
7084,3,24,2,1,0.5
7084,3,26,3,1,0.3333
7084,3,27,9,5,0.5556
7084,3,28,4,2,0.5
7084,5,44,1,1,1.0
7084,6,1,2,2,1.0
7089,2,34,1,0,0.0
7089,2,35,1,0,0.0
7089,2,37,4,0,0.0
7089,2,39,1,0,0.0
7090,1,40,1,1,1.0
7096,3,22,1,0,0.0
7096,3,23,1,0,0.0
7096,3,25,1,1,1.0
7156,3,20,1,0,0.0
7156,3,22,2,0,0.0
7156,3,24,3,1,0.3333
7156,3,25,1,0,0.0
7159,1,36,1,0,0.0
7159,1,42,1,1,1.0
7159,1,44,1,1,1.0
7159,1,45,2,2,1.0
7159,5,18,1,1,1.0
7160,3,21,1,0,0.0
7160,3,22,1,0,0.0
7160,3,24,2,0,0.0
7161,1,34,1,0,0.0
7161,1,35,4,0,0.0
7161,1,36,1,0,0.0
7161,1,39,1,0,0.0
7161,1,42,1,0,0.0
7161,1,43,1,1,1.0
7161,1,44,1,1,1.0
7161,1,45,4,3,0.75
7161,1,46,1,1,1.0
7163,1,45,1,1,1.0
7163,2,23,1,0,0.0
7163,2,24,1,0,0.0
7163,2,25,1,0,0.0
7163,2,27,1,0,0.0
7163,2,28,1,0,0.0
7163,2,29,7,3,0.4286
7163,2,30,3,0,0.0
7163,2,31,1,1,1.0
7163,2,32,5,2,0.4
7163,6,41,1,1,1.0
7163,6,44,2,1,0.5
7165,2,20,1,1,1.0
7165,2,25,2,0,0.0
7165,2,26,1,0,0.0
7165,2,30,1,0,0.0
7165,2,31,1,0,0.0
7165,2,32,2,1,0.5
7167,0,15,1,1,1.0
7167,1,21,1,0,0.0
7167,2,26,1,0,0.0
7167,2,31,1,0,0.0
7167,2,42,1,1,1.0
7167,3,0,1,1,1.0
7167,3,2,1,0,0.0
7167,3,13,1,0,0.0
7167,3,15,1,0,0.0
7167,3,16,1,0,0.0
7167,3,17,1,0,0.0
7167,3,18,2,0,0.0
7167,3,20,1,0,0.0
7167,3,39,1,1,1.0
7170,3,20,1,0,0.0
7170,3,23,1,0,0.0
7170,3,25,2,1,0.5
7173,0,31,1,1,1.0
7173,0,34,1,1,1.0
7173,1,2,1,1,1.0
7173,1,16,1,0,0.0
7173,2,14,1,0,0.0
7173,2,16,1,1,1.0
7173,2,19,1,1,1.0
7173,2,25,1,1,1.0
7173,2,32,1,1,1.0
7173,2,34,1,1,1.0
7173,2,38,1,1,1.0
7173,2,44,1,1,1.0
7173,2,46,1,1,1.0
7173,3,14,1,0,0.0
7173,3,15,1,1,1.0
7173,3,18,3,2,0.6667
7173,3,21,1,1,1.0
7173,3,22,4,1,0.25
7173,3,24,2,0,0.0
7173,3,25,3,1,0.3333
7173,6,33,1,0,0.0
7178,1,28,1,1,1.0
7178,2,30,1,1,1.0
7178,2,31,1,0,0.0
7178,2,32,1,1,1.0
7178,2,40,1,0,0.0
7178,2,44,1,1,1.0
7178,2,45,1,1,1.0
7178,2,46,1,0,0.0
7178,3,12,1,0,0.0
7178,3,14,4,0,0.0
7178,3,15,1,0,0.0
7178,3,18,2,0,0.0
7178,3,19,3,0,0.0
7178,3,20,3,1,0.3333
7178,3,21,4,0,0.0
7178,3,22,2,1,0.5
7178,3,23,6,0,0.0
7178,3,24,3,0,0.0
7178,3,25,2,0,0.0
7182,3,17,1,0,0.0
7182,3,20,1,1,1.0
7182,3,24,1,0,0.0
7183,1,40,1,0,0.0
7183,1,44,1,1,1.0
7183,2,27,1,0,0.0
7183,2,31,1,1,1.0
7183,2,32,1,1,1.0
7184,2,6,1,1,1.0
7184,2,22,1,0,0.0
7184,2,25,3,0,0.0
7184,2,31,1,1,1.0
7184,2,32,2,1,0.5
7184,3,37,1,1,1.0
7185,2,34,1,0,0.0
7185,3,13,1,0,0.0
7185,3,14,1,0,0.0
7186,0,5,1,0,0.0
7186,2,28,1,0,0.0
7186,2,33,1,1,1.0
7186,3,5,1,1,1.0
7186,3,14,1,0,0.0
7186,3,15,1,1,1.0
7186,3,17,2,0,0.0
7186,3,18,3,0,0.0
7186,3,19,2,2,1.0
7186,3,20,2,0,0.0
7186,3,22,1,1,1.0
7186,3,23,3,1,0.3333
7186,3,24,2,1,0.5
7188,1,25,1,1,1.0
7188,1,28,1,1,1.0
7188,2,10,1,0,0.0
7188,2,12,1,0,0.0
7188,2,22,1,0,0.0
7188,2,24,1,0,0.0
7188,2,30,1,1,1.0
7188,3,3,1,1,1.0
7188,3,11,1,0,0.0
7188,3,12,1,0,0.0
7188,3,13,2,0,0.0
7188,3,14,1,0,0.0
7188,3,18,1,0,0.0
7188,4,13,1,0,0.0
7189,3,13,1,0,0.0
7189,3,24,1,0,0.0
7189,3,25,1,0,0.0
7190,3,18,1,0,0.0
7190,3,19,2,0,0.0
7190,3,22,1,1,1.0
7190,3,24,4,0,0.0
7190,3,25,7,3,0.4286
7191,3,21,1,0,0.0
7191,3,23,1,0,0.0
7191,3,25,2,1,0.5
7193,3,17,1,0,0.0
7193,3,21,1,0,0.0
7193,3,22,1,0,0.0
7193,3,23,1,0,0.0
7193,3,24,1,0,0.0
7194,3,11,1,0,0.0
7194,3,13,1,0,0.0
7194,3,23,1,1,1.0
7195,3,14,1,0,0.0
7195,3,19,1,0,0.0
7195,3,24,5,0,0.0
7195,3,25,1,1,1.0
7197,0,21,1,1,1.0
7197,0,28,1,1,1.0
7197,0,30,1,1,1.0
7197,0,46,1,1,1.0
7197,1,18,1,1,1.0
7197,1,20,2,0,0.0
7197,1,23,1,1,1.0
7197,3,20,4,0,0.0
7197,3,21,2,0,0.0
7197,3,22,1,1,1.0
7197,3,23,1,0,0.0
7197,3,24,3,2,0.6667
7197,3,25,1,0,0.0
7200,1,42,1,0,0.0
7200,1,45,1,1,1.0
7202,0,22,1,1,1.0
7202,1,41,1,1,1.0
7202,1,46,1,1,1.0
7202,2,0,1,1,1.0
7202,2,2,1,1,1.0
7202,2,16,1,0,0.0
7202,2,19,2,1,0.5
7202,2,20,1,1,1.0
7202,2,22,2,1,0.5
7202,2,25,1,0,0.0
7202,2,27,2,1,0.5
7202,2,30,1,1,1.0
7202,2,31,1,0,0.0
7202,3,29,1,1,1.0
7202,4,38,1,1,1.0
7202,4,45,1,1,1.0
7202,5,34,1,1,1.0
7202,5,39,1,1,1.0
7202,6,36,1,1,1.0
7203,6,38,1,1,1.0
7205,1,30,2,0,0.0
7205,1,31,4,2,0.5
7205,3,25,1,0,0.0
7207,3,12,1,0,0.0
7207,3,15,1,0,0.0
7207,3,16,1,0,0.0
7207,3,23,2,0,0.0
7208,0,17,1,0,0.0
7208,2,18,1,1,1.0
7208,3,16,1,1,1.0
7208,3,17,1,0,0.0
7208,3,19,2,1,0.5
7208,3,24,1,1,1.0
7210,3,15,1,0,0.0
7210,3,18,1,1,1.0
7210,3,19,1,1,1.0
7210,3,21,1,0,0.0
7210,3,22,1,0,0.0
7210,3,23,1,0,0.0
7210,3,24,2,1,0.5
7210,3,25,2,0,0.0
7212,3,19,1,0,0.0
7212,3,24,3,3,1.0
7212,5,16,1,0,0.0
7213,0,23,1,1,1.0
7213,0,30,1,1,1.0
7213,2,19,1,0,0.0
7213,2,32,2,1,0.5
7213,2,33,1,0,0.0
7213,3,14,1,0,0.0
7213,4,38,1,0,0.0
7213,4,42,1,0,0.0
7214,2,12,1,1,1.0
7214,3,1,1,1,1.0
7214,3,18,1,0,0.0
7214,3,19,2,1,0.5
7214,3,21,2,1,0.5
7214,3,23,1,0,0.0
7214,3,24,4,0,0.0
7214,3,25,1,1,1.0
7218,0,20,1,0,0.0
7218,0,24,2,0,0.0
7218,0,25,3,2,0.6667
7218,0,26,1,1,1.0
7218,2,35,1,1,1.0
7218,4,15,1,0,0.0
7219,0,13,1,0,0.0
7219,0,19,1,0,0.0
7219,0,23,2,0,0.0
7219,0,25,2,0,0.0
7219,0,26,2,1,0.5
7220,2,42,1,1,1.0
7220,3,21,1,0,0.0
7220,3,22,3,2,0.6667
7220,3,23,2,1,0.5
7220,3,24,1,0,0.0
7220,3,25,2,2,1.0
7222,0,40,1,1,1.0
7222,2,18,1,1,1.0
7222,3,45,1,1,1.0
7223,0,26,2,0,0.0
7226,3,14,1,0,0.0
7226,3,18,1,1,1.0
7226,3,20,1,1,1.0
7226,3,22,4,2,0.5
7226,3,23,2,1,0.5
7226,3,24,1,0,0.0
7226,3,25,2,0,0.0
7227,1,17,1,0,0.0
7227,1,41,1,1,1.0
7227,1,46,1,1,1.0
7228,1,36,1,0,0.0
7228,1,43,1,0,0.0
7228,1,44,2,2,1.0
7228,1,46,3,3,1.0
7229,0,35,1,0,0.0
7229,0,39,1,1,1.0
7229,1,34,1,1,1.0
7229,1,42,1,1,1.0
7230,1,39,1,0,0.0
7230,1,44,1,1,1.0
7231,0,30,2,1,0.5
7231,1,45,1,0,0.0
7231,4,35,1,0,0.0
7231,4,41,1,0,0.0
7232,3,20,1,1,1.0
7232,3,23,3,0,0.0
7232,3,24,1,1,1.0
7232,3,25,4,1,0.25
7234,3,23,1,1,1.0
7234,3,24,1,0,0.0
7234,3,25,2,2,1.0
7236,3,16,1,1,1.0
7236,3,21,2,2,1.0
7236,3,22,1,1,1.0
7236,3,23,3,2,0.6667
7236,3,24,14,11,0.7857
7236,3,25,3,1,0.3333
7237,3,12,1,0,0.0
7237,3,21,1,0,0.0
7237,3,23,1,0,0.0
7237,3,24,3,1,0.3333
7237,3,25,1,0,0.0
7239,3,18,1,0,0.0
7239,3,19,5,0,0.0
7239,3,20,4,0,0.0
7239,3,21,3,0,0.0
7239,3,22,3,1,0.3333
7239,3,23,2,0,0.0
7239,3,24,8,3,0.375
7239,3,25,2,2,1.0
7241,3,23,3,2,0.6667
7241,3,24,1,1,1.0
7241,3,25,1,1,1.0
7243,6,32,1,0,0.0
7243,6,36,1,1,1.0
7243,6,37,1,0,0.0
7243,6,38,1,1,1.0
7243,6,39,2,2,1.0
7243,6,43,1,1,1.0
7244,3,22,1,1,1.0
7245,0,17,1,1,1.0
7245,1,17,1,1,1.0
7245,1,22,1,1,1.0
7245,2,16,1,1,1.0
7245,2,18,1,1,1.0
7245,2,23,1,1,1.0
7245,3,15,1,1,1.0
7245,3,16,1,1,1.0
7245,3,21,1,0,0.0
7245,3,22,1,0,0.0
7245,3,23,3,0,0.0
7245,3,24,3,0,0.0
7245,3,25,1,1,1.0
7246,2,19,1,0,0.0
7246,5,27,1,1,1.0
7246,5,30,1,0,0.0
7246,5,31,1,0,0.0
7246,5,46,1,0,0.0
7246,6,5,1,0,0.0
7246,6,18,1,0,0.0
7246,6,25,3,2,0.6667
7246,6,27,1,0,0.0
7246,6,29,1,1,1.0
7246,6,32,1,1,1.0
7246,6,33,3,3,1.0
7246,6,36,1,1,1.0
7246,6,37,2,1,0.5
7246,6,39,1,1,1.0
7246,6,40,2,2,1.0
7246,6,44,1,1,1.0
7246,6,46,2,1,0.5
7247,1,28,1,1,1.0
7247,1,29,1,1,1.0
7247,3,16,1,1,1.0
7247,3,20,1,0,0.0
7247,3,21,2,2,1.0
7247,3,22,2,0,0.0
7247,3,23,11,6,0.5455
7247,3,24,8,5,0.625
7247,3,25,5,3,0.6
7250,0,0,1,1,1.0
7250,2,22,1,1,1.0
7250,2,39,1,0,0.0
7250,5,34,1,0,0.0
7250,6,21,1,0,0.0
7250,6,29,1,0,0.0
7250,6,34,1,1,1.0
7250,6,35,2,1,0.5
7250,6,36,5,5,1.0
7250,6,37,6,6,1.0
7250,6,38,5,5,1.0
7250,6,39,5,5,1.0
7250,6,40,3,3,1.0
7250,6,41,1,0,0.0
7250,6,42,8,7,0.875
7250,6,43,9,8,0.8889
7250,6,44,13,13,1.0
7250,6,45,6,5,0.8333
7250,6,46,4,2,0.5
7250,6,47,2,2,1.0
7251,2,38,1,0,0.0
7251,2,43,1,1,1.0
7251,3,12,1,0,0.0
7251,3,13,2,0,0.0
7251,3,14,1,0,0.0
7251,3,18,1,0,0.0
7251,3,23,5,0,0.0
7251,3,24,5,0,0.0
7251,3,25,2,1,0.5
7252,3,15,1,0,0.0
7252,3,19,1,0,0.0
7252,3,21,1,0,0.0
7252,3,22,2,0,0.0
7252,3,24,1,0,0.0
7252,3,35,1,0,0.0
7253,3,17,3,0,0.0
7253,3,18,1,0,0.0
7253,3,21,2,0,0.0
7253,3,23,4,0,0.0
7253,3,24,4,1,0.25
7253,3,25,1,0,0.0
7254,3,21,1,0,0.0
7254,3,24,3,1,0.3333
7254,3,25,1,0,0.0
7255,4,33,1,0,0.0
7255,5,31,1,1,1.0
7255,6,28,1,1,1.0
7255,6,29,1,0,0.0
7255,6,30,3,3,1.0
7255,6,32,1,1,1.0
7255,6,34,1,1,1.0
7255,6,36,9,9,1.0
7255,6,37,2,2,1.0
7255,6,38,1,1,1.0
7255,6,44,1,1,1.0
7255,6,45,1,0,0.0
7255,6,46,1,1,1.0
7255,6,47,1,1,1.0
7258,0,37,1,1,1.0
7258,2,20,1,1,1.0
7258,3,11,1,0,0.0
7258,3,17,1,0,0.0
7258,3,18,1,0,0.0
7258,3,20,1,0,0.0
7258,3,21,1,0,0.0
7258,3,22,2,0,0.0
7258,3,23,4,0,0.0
7258,3,24,8,0,0.0
7258,3,25,4,3,0.75
7259,3,20,1,0,0.0
7259,3,21,2,0,0.0
7259,3,22,1,0,0.0
7259,3,24,1,0,0.0
7259,3,25,1,0,0.0
7260,3,19,1,0,0.0
7260,3,21,1,0,0.0
7260,3,22,1,0,0.0
7260,3,23,1,1,1.0
7261,3,21,1,0,0.0
7261,3,22,1,1,1.0
7261,3,23,1,0,0.0
7261,3,24,2,0,0.0
7261,3,25,2,0,0.0
7264,3,20,1,0,0.0
7264,3,23,2,0,0.0
7264,3,25,4,1,0.25
7265,0,36,1,1,1.0
7265,1,15,1,0,0.0
7265,1,20,1,0,0.0
7265,1,21,2,0,0.0
7265,1,22,2,0,0.0
7265,1,23,4,0,0.0
7265,3,22,1,0,0.0
7265,3,23,1,0,0.0
7265,3,24,1,0,0.0
7265,3,25,1,0,0.0
7265,5,0,1,1,1.0
7265,6,33,1,0,0.0
7266,1,22,1,0,0.0
7266,1,42,1,1,1.0
7267,0,21,1,0,0.0
7267,2,12,1,1,1.0
7267,2,17,1,1,1.0
7267,2,46,1,1,1.0
7267,3,14,1,1,1.0
7269,3,20,2,1,0.5
7269,3,22,1,0,0.0
7269,3,23,4,0,0.0
7269,3,24,5,0,0.0
7269,3,25,1,1,1.0
7270,2,43,1,0,0.0
7270,6,11,1,0,0.0
7270,6,22,1,0,0.0
7270,6,37,2,2,1.0
7270,6,38,3,1,0.3333
7270,6,39,2,1,0.5
7270,6,40,2,0,0.0
7270,6,41,1,1,1.0
7270,6,43,1,0,0.0
7271,1,27,1,0,0.0
7271,6,32,1,1,1.0
7271,6,33,1,1,1.0
7271,6,35,1,1,1.0
7271,6,36,2,2,1.0
7271,6,38,2,2,1.0
7273,1,33,1,1,1.0
7273,3,20,1,0,0.0
7273,3,21,1,0,0.0
7273,3,23,4,0,0.0
7273,3,24,7,1,0.1429
7274,3,25,2,2,1.0
7275,3,22,1,0,0.0
7275,3,25,2,0,0.0
7278,3,13,1,0,0.0
7278,3,14,1,0,0.0
7278,3,16,1,1,1.0
7278,3,17,2,0,0.0
7278,3,18,1,0,0.0
7278,3,21,1,0,0.0
7278,3,22,4,1,0.25
7278,3,23,3,0,0.0
7278,3,24,6,0,0.0
7278,3,25,6,0,0.0
7280,3,13,1,0,0.0
7280,3,17,1,0,0.0
7280,3,19,1,0,0.0
7280,3,22,1,0,0.0
7280,3,23,1,0,0.0
7280,3,24,3,0,0.0
7280,3,25,2,1,0.5
7282,1,13,1,1,1.0
7297,2,13,4,0,0.0
7297,2,14,1,0,0.0
7297,2,23,1,0,0.0
7297,2,27,1,0,0.0
7297,2,28,1,0,0.0
7297,2,29,2,1,0.5
7297,2,35,1,1,1.0
7301,0,38,1,0,0.0
7301,2,20,1,0,0.0
7301,2,21,1,1,1.0
7301,2,26,1,1,1.0
7301,2,31,2,0,0.0
7301,3,21,1,0,0.0
7301,3,22,1,1,1.0
7301,3,24,2,0,0.0
7301,3,25,3,1,0.3333
7301,3,35,2,2,1.0
7301,4,17,1,1,1.0
7303,1,20,1,0,0.0
7303,1,22,2,1,0.5
7320,3,16,1,0,0.0
7320,3,17,2,0,0.0
7320,3,19,1,0,0.0
7320,3,22,1,1,1.0
7320,3,23,1,0,0.0
7320,3,24,3,0,0.0
7320,3,25,4,1,0.25
7329,3,22,1,1,1.0
7329,3,24,2,2,1.0
7329,3,25,2,2,1.0
7331,3,24,1,0,0.0
7331,3,25,2,2,1.0
7332,3,23,2,0,0.0
7332,3,25,1,0,0.0
7333,1,30,1,0,0.0
7333,3,20,1,0,0.0
7333,3,23,1,0,0.0
7333,3,24,3,0,0.0
7333,3,25,4,3,0.75
7334,1,31,1,0,0.0
7334,3,23,2,0,0.0
7334,3,24,2,1,0.5
7334,3,25,3,1,0.3333
7335,1,19,1,0,0.0
7335,3,24,2,2,1.0
7335,3,25,2,1,0.5
7336,3,11,1,0,0.0
7336,3,23,1,0,0.0
7336,3,24,2,1,0.5
7336,3,25,1,1,1.0
7339,1,28,1,1,1.0
7339,3,16,1,0,0.0
7339,3,25,4,0,0.0
7340,3,24,2,2,1.0
7340,3,25,3,3,1.0
7343,3,13,1,0,0.0
7343,3,15,1,0,0.0
7343,3,22,1,0,0.0
7343,3,24,2,0,0.0
7343,3,25,4,2,0.5
7343,6,15,1,1,1.0
7344,0,44,1,1,1.0
7344,0,45,1,1,1.0
7344,3,22,2,0,0.0
7344,3,23,1,0,0.0
7344,3,24,2,2,1.0
7344,3,25,4,2,0.5
7345,0,31,1,1,1.0
7345,1,22,1,1,1.0
7345,1,24,1,1,1.0
7345,1,27,1,1,1.0
7345,1,28,1,0,0.0
7345,2,35,1,1,1.0
7345,3,1,1,0,0.0
7345,3,20,1,0,0.0
7345,3,21,2,0,0.0
7345,3,23,2,0,0.0
7345,3,24,2,1,0.5
7345,3,25,2,1,0.5
7345,3,27,1,1,1.0
7347,3,17,1,0,0.0
7347,3,25,3,1,0.3333
7348,2,20,1,0,0.0
7348,2,33,1,0,0.0
7348,2,37,2,1,0.5
7348,3,16,1,0,0.0
7348,3,17,1,0,0.0
7348,3,18,1,0,0.0
7348,3,19,1,1,1.0
7348,3,20,2,0,0.0
7348,3,21,3,0,0.0
7348,3,22,3,2,0.6667
7348,3,23,2,1,0.5
7348,3,24,7,5,0.7143
7348,3,25,4,3,0.75
7350,3,14,1,0,0.0
7350,3,15,1,0,0.0
7350,3,18,1,0,0.0
7350,3,21,1,0,0.0
7350,3,25,2,0,0.0
7354,1,40,1,1,1.0
7354,3,20,1,0,0.0
7354,3,21,1,0,0.0
7354,3,22,1,1,1.0
7354,3,26,1,1,1.0
7355,1,46,1,0,0.0
7355,3,17,1,0,0.0
7355,3,18,1,0,0.0
7355,3,20,2,0,0.0
7355,3,22,1,0,0.0
7355,3,24,2,0,0.0
7355,3,25,2,0,0.0
7356,2,29,1,1,1.0
7356,2,35,1,1,1.0
7356,3,23,2,0,0.0
7356,3,24,2,0,0.0
7356,3,25,3,1,0.3333
7357,3,22,1,1,1.0
7357,3,24,2,2,1.0
7358,2,33,1,1,1.0
7358,3,12,1,0,0.0
7358,3,22,1,0,0.0
7358,3,23,1,0,0.0
7358,3,24,2,0,0.0
7359,3,18,1,0,0.0
7359,3,21,2,0,0.0
7359,3,22,2,0,0.0
7359,3,23,2,0,0.0
7359,3,24,4,1,0.25
7359,3,25,12,2,0.1667
7360,3,22,1,0,0.0
7360,3,23,2,0,0.0
7360,3,24,2,0,0.0
7362,2,18,1,1,1.0
7362,3,17,1,0,0.0
7362,3,18,1,0,0.0
7362,3,21,1,0,0.0
7362,3,22,3,0,0.0
7362,3,24,5,0,0.0
7362,3,25,5,2,0.4
7362,3,34,1,1,1.0
7363,3,24,1,0,0.0
7363,3,25,1,0,0.0
7365,3,23,1,0,0.0
7365,3,24,2,1,0.5
7365,3,25,7,3,0.4286
7366,3,23,2,0,0.0
7366,3,24,2,0,0.0
7366,3,25,7,0,0.0
7368,3,24,1,1,1.0
7368,3,25,1,0,0.0
7377,0,19,1,0,0.0
7377,3,22,1,0,0.0
7377,3,24,3,0,0.0
7379,3,22,1,0,0.0
7379,3,24,1,0,0.0
7389,3,16,1,0,0.0
7389,3,24,1,1,1.0
7389,3,25,1,0,0.0
7392,0,40,1,1,1.0
7392,1,14,1,1,1.0
7392,2,24,1,1,1.0
7392,2,28,3,3,1.0
7392,2,29,1,1,1.0
7392,2,38,1,1,1.0
7392,3,13,1,1,1.0
7392,3,15,1,1,1.0
7392,5,45,1,1,1.0
7392,6,26,1,1,1.0
7392,6,35,1,1,1.0
7392,6,42,1,1,1.0
7394,2,20,1,0,0.0
7394,2,21,4,1,0.25
7394,2,27,1,0,0.0
7394,5,28,1,1,1.0
7394,6,28,1,1,1.0
7394,6,36,1,1,1.0
7394,6,42,1,1,1.0
7396,3,15,1,1,1.0
7396,3,22,1,1,1.0
7396,3,25,1,1,1.0
7399,3,23,1,0,0.0
7399,3,24,1,0,0.0
7399,3,25,1,0,0.0
7400,3,24,1,0,0.0
7400,3,25,4,2,0.5
7401,3,19,1,0,0.0
7401,3,23,1,0,0.0
7401,3,24,1,0,0.0
7402,1,38,1,0,0.0
7402,3,18,1,0,0.0
7402,3,24,2,0,0.0
7402,3,25,2,0,0.0
7406,3,19,2,1,0.5
7406,3,20,1,0,0.0
7406,3,22,1,0,0.0
7406,3,23,1,0,0.0
7406,3,24,7,0,0.0
7406,3,25,5,2,0.4
7411,3,24,1,0,0.0
7411,3,25,3,2,0.6667
7412,3,15,2,0,0.0
7412,3,21,1,0,0.0
7412,3,25,1,0,0.0
7412,3,37,1,1,1.0
7413,3,23,2,0,0.0
7413,3,24,1,0,0.0
7415,3,21,1,0,0.0
7415,3,23,1,0,0.0
7415,3,25,1,0,0.0
7416,3,24,3,1,0.3333
7416,3,25,3,3,1.0
7417,3,18,1,0,0.0
7417,3,21,1,0,0.0
7417,3,23,1,0,0.0
7417,3,24,3,1,0.3333
7417,3,25,4,1,0.25
7418,3,12,1,1,1.0
7418,3,24,4,2,0.5
7418,3,25,5,2,0.4
7423,3,12,1,0,0.0
7423,3,23,2,0,0.0
7423,3,24,1,0,0.0
7423,3,25,2,2,1.0
7423,3,43,1,1,1.0
7425,3,23,1,1,1.0
7425,3,25,2,2,1.0
7428,3,21,1,0,0.0
7428,3,22,1,0,0.0
7431,2,30,1,1,1.0
7434,3,23,1,0,0.0
7434,3,24,3,1,0.3333
7434,3,25,2,0,0.0
7434,4,0,1,1,1.0
7436,3,18,1,0,0.0
7436,3,22,1,0,0.0
7436,3,23,2,0,0.0
7436,3,24,1,0,0.0
7436,3,25,2,0,0.0
7436,6,23,1,1,1.0
7438,3,18,1,0,0.0
7438,3,21,1,0,0.0
7438,3,22,1,0,0.0
7438,3,23,2,0,0.0
7438,3,24,2,0,0.0
7438,3,25,3,2,0.6667
7446,3,24,2,0,0.0
7450,1,24,1,1,1.0
7450,1,46,1,1,1.0
7450,2,39,1,1,1.0
7450,3,18,1,1,1.0
7450,3,25,1,0,0.0
7451,3,23,1,0,0.0
7451,3,24,1,0,0.0
7451,3,25,5,4,0.8
7452,3,24,2,2,1.0
7452,3,25,2,2,1.0
7452,5,40,1,1,1.0
7454,3,20,1,0,0.0
7454,3,24,2,1,0.5
7454,3,25,1,1,1.0
7455,3,14,1,0,0.0
7455,3,22,2,0,0.0
7455,3,23,1,0,0.0
7455,3,25,1,0,0.0
7457,3,13,1,0,0.0
7457,3,23,1,0,0.0
7457,3,24,1,0,0.0
7457,3,25,1,0,0.0
7458,2,27,1,0,0.0
7458,2,30,1,0,0.0
7458,3,14,1,0,0.0
7458,3,15,1,0,0.0
7459,0,29,1,1,1.0
7459,2,30,1,0,0.0
7459,3,15,1,1,1.0
7474,3,20,2,1,0.5
7474,3,21,1,0,0.0
7474,3,22,1,0,0.0
7474,3,23,1,0,0.0
7474,3,24,4,0,0.0
7474,3,25,2,0,0.0
7476,3,24,1,1,1.0
7476,3,25,1,0,0.0
7478,3,20,1,0,0.0
7478,3,25,2,0,0.0
7479,3,22,1,0,0.0
7479,3,23,1,0,0.0
7479,3,24,1,1,1.0
7480,3,32,1,1,1.0
7480,3,33,1,1,1.0
7485,2,29,1,1,1.0
7485,3,20,1,1,1.0
7485,3,21,1,1,1.0
7485,3,22,1,0,0.0
7485,3,23,4,0,0.0
7485,3,24,4,0,0.0
7485,3,25,1,0,0.0
7485,3,31,1,1,1.0
7486,3,24,2,1,0.5
7486,3,25,3,1,0.3333
7487,3,23,2,0,0.0
7487,3,24,1,0,0.0
7488,3,23,1,1,1.0
7488,3,24,1,1,1.0
7488,3,25,1,1,1.0
7497,1,20,1,0,0.0
7497,1,23,1,1,1.0
7498,3,14,1,0,0.0
7498,3,17,1,0,0.0
7498,3,19,1,0,0.0
7498,3,21,1,0,0.0
7498,3,22,2,0,0.0
7498,3,24,1,0,0.0
7498,3,25,4,0,0.0
7500,3,21,1,0,0.0
7500,3,22,1,0,0.0
7500,3,24,1,0,0.0
7502,1,12,1,0,0.0
7502,1,21,1,1,1.0
7502,1,23,2,1,0.5
7503,3,20,1,1,1.0
7503,3,21,1,1,1.0
7503,3,25,3,1,0.3333
7505,3,20,1,0,0.0
7505,3,23,1,0,0.0
7505,3,25,2,2,1.0
7506,3,19,1,0,0.0
7506,3,20,3,0,0.0
7506,3,25,3,2,0.6667
7506,4,5,1,1,1.0
7506,4,7,1,1,1.0
7507,3,23,1,1,1.0
7507,3,24,2,1,0.5
7507,3,25,4,0,0.0
7508,3,24,1,1,1.0
7508,3,25,1,1,1.0
7509,1,21,1,1,1.0
7509,1,23,1,0,0.0
7510,3,24,2,0,0.0
7510,3,25,4,1,0.25
7512,3,24,3,0,0.0
7512,3,25,2,2,1.0
7514,3,21,1,0,0.0
7514,3,23,1,1,1.0
7514,3,24,2,1,0.5
7514,3,25,7,2,0.2857
7519,3,23,1,0,0.0
7520,1,35,1,1,1.0
7520,2,15,1,1,1.0
7520,2,21,2,2,1.0
7520,2,28,1,1,1.0
7520,3,27,1,1,1.0
7520,4,42,1,1,1.0
7522,3,21,1,0,0.0
7522,3,25,2,2,1.0
7527,3,15,1,0,0.0
7527,3,23,1,0,0.0
7527,3,24,4,0,0.0
7527,3,25,1,0,0.0
7528,1,38,1,1,1.0
7528,3,13,1,0,0.0
7528,3,24,3,2,0.6667
7528,3,25,4,0,0.0
7529,1,22,1,1,1.0
7529,3,16,1,0,0.0
7529,3,21,1,0,0.0
7529,3,23,1,1,1.0
7529,3,24,2,1,0.5
7529,3,25,1,0,0.0
7532,3,21,1,0,0.0
7532,3,22,2,0,0.0
7532,3,23,1,0,0.0
7532,3,24,1,0,0.0
7532,3,25,4,1,0.25
7533,3,18,1,0,0.0
7533,3,23,1,0,0.0
7533,3,24,2,0,0.0
7533,3,25,1,0,0.0
7534,2,35,2,1,0.5
7534,3,22,1,0,0.0
7534,3,24,3,0,0.0
7534,3,25,6,1,0.1667
7536,3,20,1,0,0.0
7536,3,24,1,1,1.0
7537,3,13,1,0,0.0
7537,3,14,1,0,0.0
7537,3,17,1,0,0.0
7537,3,18,2,0,0.0
7537,3,19,3,0,0.0
7537,3,20,3,1,0.3333
7537,3,21,1,0,0.0
7537,3,23,1,0,0.0
7537,3,24,1,0,0.0
7537,3,25,2,1,0.5
7537,3,28,1,1,1.0
7537,4,3,2,2,1.0
7537,4,4,1,1,1.0
7537,4,5,1,1,1.0
7538,3,16,1,1,1.0
7538,3,21,1,0,0.0
7538,3,23,1,0,0.0
7538,3,24,5,2,0.4
7538,3,25,3,1,0.3333
7539,4,27,1,0,0.0
7539,4,29,1,0,0.0
7539,4,30,2,2,1.0
7539,4,31,1,1,1.0
7539,4,33,1,0,0.0
7541,3,24,3,2,0.6667
7541,3,25,2,1,0.5
7542,3,12,1,0,0.0
7542,3,18,1,0,0.0
7542,3,23,1,0,0.0
7542,3,24,3,0,0.0
7542,3,25,1,0,0.0
7545,3,25,1,0,0.0
7547,2,17,1,1,1.0
7547,3,4,1,1,1.0
7547,3,15,1,0,0.0
7547,3,16,1,0,0.0
7547,3,18,1,0,0.0
7547,3,19,2,0,0.0
7547,3,20,2,1,0.5
7547,3,21,1,0,0.0
7547,3,22,3,0,0.0
7547,3,23,2,0,0.0
7547,3,24,5,4,0.8
7547,3,25,4,2,0.5
7547,6,18,1,1,1.0
7548,3,14,1,0,0.0
7548,3,17,1,0,0.0
7548,3,18,1,0,0.0
7548,3,21,2,0,0.0
7548,3,22,3,0,0.0
7548,3,24,1,0,0.0
7548,3,25,2,2,1.0
7549,2,17,5,2,0.4
7549,2,18,9,3,0.3333
7549,2,19,1,0,0.0
7549,4,16,1,0,0.0
7549,4,29,3,0,0.0
7549,4,30,1,0,0.0
7549,4,31,1,1,1.0
7549,4,32,1,0,0.0
7550,2,17,2,1,0.5
7550,2,18,3,0,0.0
7550,2,19,1,0,0.0
7550,4,29,1,0,0.0
7550,4,32,1,1,1.0
7550,4,33,3,3,1.0
7551,3,20,1,0,0.0
7551,3,21,2,0,0.0
7551,3,22,2,0,0.0
7551,3,23,4,0,0.0
7551,3,24,8,0,0.0
7551,3,25,4,1,0.25
7551,6,39,1,0,0.0
7552,0,29,1,1,1.0
7552,3,20,1,0,0.0
7552,3,23,1,1,1.0
7552,3,24,5,5,1.0
7553,3,25,3,0,0.0
7554,3,23,1,0,0.0
7554,3,24,1,0,0.0
7554,3,25,1,0,0.0
7556,3,15,1,0,0.0
7556,3,16,2,0,0.0
7556,3,17,1,0,0.0
7556,3,18,1,0,0.0
7556,3,19,3,0,0.0
7556,3,20,1,0,0.0
7556,3,21,2,1,0.5
7556,3,22,3,0,0.0
7556,3,23,5,0,0.0
7556,3,24,8,0,0.0
7556,3,25,5,1,0.2
7556,5,19,1,0,0.0
7557,3,22,1,0,0.0
7557,3,23,1,0,0.0
7557,3,24,2,0,0.0
7557,3,25,2,0,0.0
7558,3,23,1,0,0.0
7558,3,24,4,2,0.5
7558,3,25,2,2,1.0
7559,1,41,1,1,1.0
7559,3,23,1,1,1.0
7559,3,24,4,4,1.0
7560,1,45,1,1,1.0
7560,3,24,2,1,0.5
7560,3,25,2,0,0.0
7561,3,19,2,0,0.0
7561,3,22,1,0,0.0
7561,3,23,3,0,0.0
7561,3,24,2,0,0.0
7563,0,17,1,1,1.0
7563,3,23,1,1,1.0
7563,3,24,4,3,0.75
7563,3,25,2,1,0.5
7566,0,31,2,1,0.5
7566,0,32,6,6,1.0
7566,0,33,5,5,1.0
7566,0,34,5,4,0.8
7566,0,35,7,5,0.7143
7566,0,36,6,2,0.3333
7566,0,37,9,4,0.4444
7566,0,38,5,1,0.2
7566,0,39,1,0,0.0
7566,1,23,1,1,1.0
7566,3,23,1,1,1.0
7568,3,22,1,1,1.0
7568,3,23,2,0,0.0
7568,3,25,2,0,0.0
7568,3,27,1,0,0.0
7569,3,24,2,1,0.5
7569,3,25,5,3,0.6
7570,3,17,1,0,0.0
7570,3,18,1,0,0.0
7570,3,19,1,0,0.0
7570,3,20,2,0,0.0
7570,3,21,3,0,0.0
7570,3,22,7,1,0.1429
7570,3,23,10,1,0.1
7570,3,24,10,1,0.1
7570,3,25,2,0,0.0
7571,0,20,1,0,0.0
7571,0,22,1,0,0.0
7571,0,25,1,0,0.0
7571,0,30,1,0,0.0
7571,0,32,1,0,0.0
7571,0,33,1,1,1.0
7571,0,34,3,0,0.0
7571,0,35,1,0,0.0
7571,0,36,8,0,0.0
7571,0,37,2,0,0.0
7571,0,38,8,3,0.375
7571,0,39,5,3,0.6
7571,5,23,1,1,1.0
7572,3,24,1,1,1.0
7572,3,25,3,2,0.6667
7575,0,32,1,1,1.0
7575,0,36,2,1,0.5
7575,0,39,2,2,1.0
7576,3,24,2,1,0.5
7576,3,25,2,1,0.5
7577,0,31,1,1,1.0
7577,0,37,3,0,0.0
7577,0,38,2,1,0.5
7579,3,23,1,1,1.0
7579,3,25,3,1,0.3333
7584,3,20,1,0,0.0
7584,3,21,1,0,0.0
7584,3,22,1,0,0.0
7584,3,23,1,1,1.0
7584,3,24,5,2,0.4
7584,3,25,2,0,0.0
7586,2,39,1,1,1.0
7586,3,14,1,0,0.0
7586,3,18,1,0,0.0
7586,3,20,2,0,0.0
7586,3,21,3,0,0.0
7586,3,22,5,0,0.0
7586,3,24,1,0,0.0
7586,3,25,5,3,0.6
7591,3,24,1,0,0.0
7592,2,33,1,0,0.0
7592,3,18,2,0,0.0
7592,3,21,1,0,0.0
7592,3,22,3,0,0.0
7592,3,23,3,0,0.0
7592,3,24,7,0,0.0
7592,3,25,6,1,0.1667
7593,3,22,1,0,0.0
7593,3,24,2,1,0.5
7594,3,13,1,0,0.0
7594,3,15,1,0,0.0
7594,3,20,1,0,0.0
7594,3,21,1,0,0.0
7594,3,23,5,0,0.0
7594,3,24,5,0,0.0
7594,3,25,2,0,0.0
7595,3,17,1,0,0.0
7595,3,20,1,1,1.0
7595,3,21,2,1,0.5
7595,3,22,1,0,0.0
7595,3,24,4,1,0.25
7595,3,25,4,1,0.25
7596,3,22,1,0,0.0
7596,3,23,1,0,0.0
7596,3,24,3,0,0.0
7596,3,25,4,2,0.5
7603,3,21,2,0,0.0
7603,3,23,1,0,0.0
7603,3,25,1,0,0.0
7605,3,17,2,0,0.0
7605,3,18,1,0,0.0
7605,3,20,1,0,0.0
7605,3,21,1,0,0.0
7605,3,22,1,0,0.0
7605,3,23,2,0,0.0
7605,3,24,4,0,0.0
7605,3,25,3,0,0.0
7605,4,47,1,1,1.0
7605,5,46,1,1,1.0
7606,3,24,1,0,0.0
7606,3,25,1,0,0.0
7607,3,16,1,0,0.0
7607,3,21,1,1,1.0
7607,3,24,1,0,0.0
7608,1,15,1,1,1.0
7608,3,22,1,1,1.0
7610,0,20,1,0,0.0
7610,0,24,1,0,0.0
7610,0,25,3,0,0.0
7610,0,26,2,0,0.0
7610,0,27,6,0,0.0
7610,2,24,1,1,1.0
7610,2,36,1,1,1.0
7610,3,11,1,1,1.0
7610,3,14,1,1,1.0
7610,3,15,1,1,1.0
7610,3,19,1,1,1.0
7610,3,24,1,0,0.0
7610,3,25,2,1,0.5
7610,3,37,1,1,1.0
7610,6,22,1,1,1.0
7611,0,26,1,0,0.0
7611,1,25,1,1,1.0
7611,3,14,1,0,0.0
7611,3,25,1,1,1.0
7612,3,20,1,0,0.0
7612,3,23,3,0,0.0
7612,3,25,1,0,0.0
7614,3,13,2,0,0.0
7614,3,21,1,0,0.0
7614,3,22,3,0,0.0
7614,3,23,2,0,0.0
7614,3,24,5,1,0.2
7614,3,25,2,1,0.5
7615,3,25,1,1,1.0
7615,4,39,1,1,1.0
7621,1,36,1,1,1.0
7621,3,20,1,0,0.0
7621,3,21,2,0,0.0
7621,3,23,1,1,1.0
7621,3,24,6,3,0.5
7621,3,25,2,2,1.0
7622,3,23,1,1,1.0
7622,3,25,1,1,1.0
7623,3,24,1,0,0.0
7623,3,25,2,1,0.5
7624,3,22,3,0,0.0
7624,3,23,1,0,0.0
7624,3,24,4,2,0.5
7624,3,25,2,1,0.5
7625,1,28,1,0,0.0
7625,1,29,1,0,0.0
7625,1,30,1,1,1.0
7625,3,19,1,0,0.0
7625,3,22,1,0,0.0
7625,3,25,1,0,0.0
7626,1,30,2,1,0.5
7626,3,24,1,0,0.0
7626,3,25,2,1,0.5
7627,3,21,1,1,1.0
7627,3,23,1,0,0.0
7627,3,24,1,0,0.0
7627,3,25,1,0,0.0
7628,1,19,1,1,1.0
7628,1,28,2,1,0.5
7628,1,29,1,1,1.0
7628,3,13,1,0,0.0
7628,3,17,1,0,0.0
7628,3,23,1,0,0.0
7628,3,24,2,0,0.0
7630,3,20,1,1,1.0
7630,3,22,1,0,0.0
7630,3,23,5,0,0.0
7630,3,24,1,0,0.0
7630,3,25,2,2,1.0
7631,0,15,1,1,1.0
7631,3,20,3,0,0.0
7633,1,30,2,2,1.0
7633,1,31,1,0,0.0
7633,3,25,2,1,0.5
7634,1,17,1,0,0.0
7634,1,28,1,0,0.0
7634,1,29,3,0,0.0
7634,1,30,5,1,0.2
7634,2,17,1,0,0.0
7634,2,33,1,0,0.0
7634,3,16,2,0,0.0
7634,3,18,4,3,0.75
7634,3,24,2,0,0.0
7634,3,25,1,0,0.0
7634,6,17,1,0,0.0
7635,3,15,1,0,0.0
7635,3,24,1,0,0.0
7635,3,25,2,0,0.0
7636,3,15,1,0,0.0
7636,3,21,1,0,0.0
7636,3,22,2,0,0.0
7636,3,23,1,0,0.0
7636,3,24,3,0,0.0
7636,3,25,1,0,0.0
7637,3,24,2,0,0.0
7637,3,25,1,1,1.0
7638,3,12,1,0,0.0
7638,3,14,1,0,0.0
7638,3,15,1,0,0.0
7638,3,16,1,0,0.0
7638,3,19,1,0,0.0
7638,3,21,1,0,0.0
7638,3,22,2,0,0.0
7638,3,23,4,1,0.25
7638,3,24,2,0,0.0
7638,3,25,3,1,0.3333
7639,1,21,1,0,0.0
7639,1,27,1,0,0.0
7639,2,44,1,0,0.0
7639,3,14,1,0,0.0
7639,3,22,1,0,0.0
7639,3,23,4,0,0.0
7639,3,24,5,1,0.2
7639,3,25,4,0,0.0
7640,3,24,2,1,0.5
7640,3,25,6,4,0.6667
7642,0,25,1,1,1.0
7642,3,25,3,0,0.0
7643,0,25,3,0,0.0
7643,3,23,3,1,0.3333
7644,2,39,1,0,0.0
7644,3,15,1,0,0.0
7644,3,24,2,0,0.0
7645,3,18,1,0,0.0
7645,3,20,2,0,0.0
7645,3,23,3,0,0.0
7645,3,24,1,0,0.0
7645,3,25,1,1,1.0
7646,3,23,1,1,1.0
7646,3,24,1,1,1.0
7646,3,25,1,1,1.0
7647,3,15,1,0,0.0
7647,3,20,1,0,0.0
7647,3,22,1,0,0.0
7647,3,23,3,0,0.0
7647,3,24,6,1,0.1667
7647,3,25,2,1,0.5
7648,1,44,1,1,1.0
7648,2,11,1,0,0.0
7648,3,19,1,0,0.0
7648,3,23,1,0,0.0
7648,3,24,1,0,0.0
7648,3,25,2,0,0.0
7648,4,27,1,1,1.0
7649,2,18,1,0,0.0
7649,3,13,1,0,0.0
7649,3,18,1,0,0.0
7649,3,20,2,0,0.0
7649,3,21,1,0,0.0
7649,3,22,5,0,0.0
7649,3,23,2,0,0.0
7649,3,24,6,0,0.0
7649,3,25,4,0,0.0
7659,3,23,2,0,0.0
7659,3,24,1,0,0.0
7659,3,25,1,0,0.0
7660,3,17,1,0,0.0
7660,3,24,1,0,0.0
7672,3,22,1,1,1.0
7672,3,24,1,1,1.0
7672,3,25,1,0,0.0
7674,1,20,1,1,1.0
7674,1,27,4,0,0.0
7674,1,28,3,1,0.3333
7674,1,29,6,3,0.5
7674,1,31,1,0,0.0
7674,3,25,1,0,0.0
7674,4,19,1,1,1.0
7674,6,18,1,0,0.0
7674,6,19,3,1,0.3333
7676,3,24,1,0,0.0
7676,3,25,1,0,0.0
7686,3,23,1,1,1.0
7686,3,24,1,0,0.0
7686,3,25,2,2,1.0
7689,3,22,2,0,0.0
7689,3,24,1,0,0.0
7689,3,25,1,0,0.0
7690,3,25,3,1,0.3333
7692,2,28,1,0,0.0
7692,2,29,1,0,0.0
7695,2,24,1,0,0.0
7695,2,29,1,1,1.0
7696,3,15,1,0,0.0
7696,3,23,1,0,0.0
7696,3,25,1,1,1.0
7697,1,21,1,1,1.0
7697,3,25,4,2,0.5
7705,3,19,1,0,0.0
7705,3,22,1,0,0.0
7705,3,23,2,0,0.0
7705,3,24,3,0,0.0
7706,3,25,1,1,1.0
7708,0,30,1,0,0.0
7708,3,13,1,0,0.0
7708,3,19,3,0,0.0
7708,3,20,1,0,0.0
7708,3,22,2,0,0.0
7708,3,23,3,0,0.0
7708,3,24,3,0,0.0
7708,3,25,2,0,0.0
7708,4,20,1,0,0.0
7708,4,25,1,1,1.0
7708,5,20,1,0,0.0
7708,6,40,1,0,0.0
7708,6,45,1,0,0.0
7712,0,25,1,0,0.0
7712,0,26,3,1,0.3333
7712,0,28,1,0,0.0
7712,0,31,1,0,0.0
7712,3,35,1,0,0.0
7712,4,13,1,1,1.0
7712,4,14,1,1,1.0
7712,4,15,1,1,1.0
7712,4,16,1,1,1.0
7712,4,18,2,1,0.5
7712,4,19,1,0,0.0
7712,4,25,1,0,0.0
7712,5,23,1,1,1.0
7712,6,26,3,2,0.6667
7716,2,42,1,1,1.0
7716,2,44,2,2,1.0
7716,2,46,1,1,1.0
7716,2,47,1,1,1.0
7716,3,16,1,1,1.0
7716,3,20,2,0,0.0
7716,3,22,2,0,0.0
7716,3,23,2,0,0.0
7716,3,24,8,5,0.625
7716,3,25,5,3,0.6
7716,5,24,1,0,0.0
7718,1,32,2,2,1.0
7718,3,24,1,1,1.0
7719,3,24,1,0,0.0
7719,3,25,1,1,1.0
7720,1,41,1,0,0.0
7720,1,42,1,0,0.0
7720,2,39,1,0,0.0
7720,2,40,1,0,0.0
7720,3,12,1,0,0.0
7720,3,17,1,0,0.0
7720,3,19,1,0,0.0
7720,3,20,1,0,0.0
7720,3,21,3,0,0.0
7720,3,23,1,0,0.0
7720,3,24,3,2,0.6667
7720,3,25,1,1,1.0
7721,0,17,1,0,0.0
7721,0,25,1,0,0.0
7721,0,30,1,0,0.0
7721,1,25,1,0,0.0
7721,1,36,1,0,0.0
7721,2,3,1,1,1.0
7721,2,23,1,0,0.0
7721,2,32,1,0,0.0
7721,2,40,3,3,1.0
7721,2,41,2,2,1.0
7721,2,46,1,1,1.0
7721,2,47,1,1,1.0
7721,3,9,1,0,0.0
7721,3,15,1,1,1.0
7721,3,16,3,2,0.6667
7721,3,17,1,0,0.0
7721,3,18,1,0,0.0
7721,3,19,1,1,1.0
7721,3,20,1,1,1.0
7721,3,23,3,1,0.3333
7721,3,24,10,5,0.5
7721,3,25,3,1,0.3333
7721,4,23,1,0,0.0
7721,5,30,1,1,1.0
7721,5,35,1,0,0.0
7721,6,40,1,0,0.0
7721,6,43,1,1,1.0
7722,3,24,2,0,0.0
7722,3,25,3,1,0.3333
7725,1,18,1,0,0.0
7725,3,14,1,1,1.0
7725,3,21,1,0,0.0
7725,3,23,2,0,0.0
7725,3,24,9,3,0.3333
7725,3,25,10,4,0.4
7725,5,29,1,1,1.0
7725,6,10,1,1,1.0
7725,6,29,1,1,1.0
7726,1,18,1,1,1.0
7726,1,44,1,0,0.0
7726,3,21,1,0,0.0
7726,3,24,1,0,0.0
7726,6,15,1,0,0.0
7727,2,29,1,1,1.0
7727,3,20,1,0,0.0
7727,3,22,1,0,0.0
7727,3,23,2,0,0.0
7727,3,40,1,1,1.0
7728,3,16,1,0,0.0
7728,3,24,2,0,0.0
7728,3,25,2,2,1.0
7733,3,24,3,0,0.0
7733,3,25,1,0,0.0
7739,0,33,1,0,0.0
7739,1,30,1,0,0.0
7739,1,34,1,0,0.0
7739,1,40,1,0,0.0
7739,1,43,1,0,0.0
7739,2,18,1,0,0.0
7739,2,34,1,0,0.0
7739,2,36,1,0,0.0
7739,3,18,1,0,0.0
7739,3,20,1,1,1.0
7739,3,23,2,0,0.0
7739,3,24,3,1,0.3333
7739,3,25,4,0,0.0
7739,3,36,1,0,0.0
7739,4,42,1,0,0.0
7740,0,33,1,0,0.0
7740,3,1,1,0,0.0
7740,3,21,1,1,1.0
7740,3,24,2,1,0.5
7748,3,14,1,1,1.0
7748,3,15,1,1,1.0
7748,3,21,2,0,0.0
7748,3,23,2,1,0.5
7748,3,24,6,2,0.3333
7748,3,25,4,2,0.5
7752,0,26,3,2,0.6667
7752,0,30,2,1,0.5
7752,3,46,1,1,1.0
7752,4,12,1,1,1.0
7752,4,15,1,1,1.0
7752,4,28,1,0,0.0
7752,6,27,1,1,1.0
7753,2,36,1,0,0.0
7753,3,2,1,1,1.0
7753,3,20,1,1,1.0
7753,3,23,2,1,0.5
7753,3,24,5,1,0.2
7753,3,25,1,0,0.0
7753,3,32,8,8,1.0
7753,3,33,2,2,1.0
7753,3,34,3,3,1.0
7753,3,35,2,2,1.0
7753,3,37,1,1,1.0
7753,4,36,1,1,1.0
7757,3,21,1,0,0.0
7757,3,22,2,0,0.0
7757,3,23,6,1,0.1667
7757,3,24,2,0,0.0
7757,3,25,5,2,0.4
7762,3,23,2,0,0.0
7762,3,24,1,0,0.0
7763,3,23,1,0,0.0
7763,3,24,2,0,0.0
7763,3,25,3,3,1.0
7764,3,23,2,0,0.0
7764,3,25,2,1,0.5
7765,3,24,1,0,0.0
7765,3,25,1,0,0.0
7766,1,16,1,1,1.0
7766,3,13,1,0,0.0
7766,3,20,2,0,0.0
7766,3,21,3,0,0.0
7766,3,22,1,0,0.0
7766,3,23,3,0,0.0
7766,3,25,3,1,0.3333
7766,4,47,1,1,1.0
7767,0,27,1,1,1.0
7767,0,28,1,1,1.0
7767,0,38,2,2,1.0
7768,0,28,1,1,1.0
7768,0,29,1,0,0.0
7768,0,31,1,1,1.0
7768,0,33,1,1,1.0
7768,0,34,1,1,1.0
7768,0,35,1,1,1.0
7768,0,36,1,1,1.0
7768,0,37,1,1,1.0
7768,0,38,2,1,0.5
7769,3,24,2,1,0.5
7769,3,25,4,2,0.5
7770,0,23,1,0,0.0
7770,0,26,2,1,0.5
7772,3,22,2,0,0.0
7772,3,25,1,0,0.0
7779,0,21,1,0,0.0
7780,3,19,1,0,0.0
7780,3,22,1,0,0.0
7780,3,23,1,0,0.0
7792,3,24,2,0,0.0
7800,0,20,1,0,0.0
7800,4,41,1,0,0.0
7800,4,42,1,0,0.0
7800,6,23,1,0,0.0
7800,6,24,1,0,0.0
7910,3,9,1,0,0.0
7910,3,16,2,0,0.0
7910,3,22,2,0,0.0
7910,3,23,2,0,0.0
7910,3,24,6,0,0.0
7910,3,25,5,2,0.4
7922,0,26,1,0,0.0
7922,0,28,1,1,1.0
7922,2,40,1,0,0.0
7922,3,38,1,0,0.0
7922,3,42,1,1,1.0
7922,4,18,1,1,1.0
7922,4,22,1,0,0.0
7922,4,26,1,1,1.0
7922,6,20,1,0,0.0
7922,6,26,1,0,0.0
7923,0,27,1,1,1.0
7923,0,28,1,1,1.0
7923,0,30,1,1,1.0
7923,1,27,1,1,1.0
7923,2,1,1,1,1.0
7923,3,38,1,1,1.0
7923,3,39,1,0,0.0
7923,3,42,1,1,1.0
7923,3,44,1,1,1.0
7923,3,45,1,1,1.0
7923,4,1,1,1,1.0
7923,4,2,1,1,1.0
7923,4,3,1,1,1.0
7923,4,15,1,1,1.0
7923,4,18,2,0,0.0
7923,4,19,2,0,0.0
7923,4,20,1,0,0.0
7923,4,21,1,0,0.0
7923,4,23,2,0,0.0
7923,4,29,2,2,1.0
7923,4,30,1,0,0.0
7923,6,18,1,0,0.0
7923,6,23,1,0,0.0
7923,6,24,3,0,0.0
7923,6,25,3,0,0.0
7923,6,26,2,0,0.0
7924,0,21,1,0,0.0
7924,0,35,1,1,1.0
7924,2,21,1,1,1.0
7924,2,22,2,1,0.5
7924,2,24,1,1,1.0
7924,3,0,1,1,1.0
7924,3,13,2,2,1.0
7924,3,15,1,1,1.0
7924,3,16,1,1,1.0
7924,3,17,2,1,0.5
7924,3,18,1,1,1.0
7924,4,19,1,0,0.0
7924,6,5,1,1,1.0
7924,6,33,1,1,1.0
7930,1,19,3,0,0.0
7930,1,20,2,1,0.5
7930,1,24,4,1,0.25
7930,1,27,1,1,1.0
7930,1,29,1,0,0.0
7936,0,17,1,0,0.0
7936,0,18,1,0,0.0
7936,0,21,1,1,1.0
7936,0,22,1,1,1.0
7938,1,29,2,2,1.0
7938,1,30,2,2,1.0
7938,1,32,2,0,0.0
7938,2,37,1,0,0.0
7938,4,16,1,1,1.0
7938,4,19,1,0,0.0
7938,6,23,1,1,1.0
7939,2,33,1,1,1.0
7939,2,34,1,1,1.0
7939,2,36,2,2,1.0
7939,3,19,2,2,1.0
7939,3,24,1,1,1.0
7939,3,38,1,1,1.0
7939,6,22,1,1,1.0
7939,6,39,1,1,1.0
7939,6,41,1,1,1.0
7939,6,42,1,1,1.0
7948,3,20,1,0,0.0
7948,3,24,1,1,1.0
7948,3,25,1,1,1.0
7949,3,21,1,0,0.0
7949,3,24,1,1,1.0
7949,3,25,3,2,0.6667
7951,4,20,1,1,1.0
7951,6,24,1,0,0.0
7952,1,32,2,0,0.0
7952,1,45,1,1,1.0
7985,0,8,1,1,1.0
7985,1,21,1,0,0.0
7985,2,18,1,1,1.0
7985,2,28,1,1,1.0
7985,3,25,1,1,1.0
7985,3,45,1,1,1.0
7985,3,46,1,1,1.0
7985,4,8,1,0,0.0
7985,4,11,1,1,1.0
7985,4,17,2,1,0.5
7985,4,19,3,1,0.3333
7986,1,43,1,1,1.0
7986,2,12,1,1,1.0
7986,2,18,1,1,1.0
7986,2,19,2,2,1.0
7988,3,27,1,1,1.0
7988,3,31,1,1,1.0
7988,3,34,1,1,1.0
7988,3,35,1,0,0.0
7988,3,36,1,1,1.0
7988,4,12,1,1,1.0
7988,4,17,2,2,1.0
7988,4,18,1,1,1.0
7993,0,38,1,0,0.0
7993,1,27,1,1,1.0
7993,1,30,1,1,1.0
7993,1,41,2,2,1.0
7993,1,42,1,1,1.0
7993,1,44,1,1,1.0
7993,2,10,1,1,1.0
7993,2,18,1,0,0.0
7993,2,28,1,0,0.0
7993,2,41,1,1,1.0
7993,2,44,1,1,1.0
7993,3,37,2,1,0.5
7993,3,38,1,0,0.0
7993,3,40,1,1,1.0
7993,3,42,1,0,0.0
7993,4,14,1,0,0.0
7993,4,17,2,1,0.5
7995,1,25,1,1,1.0
